# Blender 5.2.2 LTS
# www.blender.org
mtllib hachiware.mtl
o Hachiware_body.001_0
v 0.000000 0.442075 0.184918
v 0.045181 0.474631 0.155872
v 0.000000 0.499002 0.147139
v -0.045181 0.474631 0.155872
v 0.000000 0.289759 -0.184918
v 0.000000 0.366562 -0.198560
v 0.095801 0.367024 -0.184918
v 0.090917 0.293950 -0.172420
v 0.000000 0.442075 -0.184918
v 0.090917 0.438802 -0.172420
v 0.164758 0.435472 -0.135510
v 0.175293 0.367905 -0.144175
v 0.164758 0.298977 -0.135510
v 0.085307 0.233724 -0.135510
v 0.143784 0.251133 -0.118260
v 0.000000 0.224972 -0.144175
v 0.209635 0.293436 -0.074777
v 0.224830 0.365716 -0.078794
v 0.241416 0.352481 -0.000000
v 0.224830 0.280421 -0.000000
v 0.213563 0.420236 -0.075816
v 0.227845 0.419245 -0.000000
v 0.224830 0.343207 0.078794
v 0.209635 0.277677 0.074777
v 0.209635 0.423269 0.074777
v 0.164758 0.233968 -0.070164
v 0.222227 0.437796 0.000160
v 0.200251 0.437752 0.074273
v 0.209635 0.423269 0.074777
v 0.164758 0.424291 0.135510
v 0.175293 0.352099 0.144175
v 0.164758 0.288086 0.135510
v 0.164758 0.229903 0.070163
v 0.209635 0.277677 0.074777
v 0.143784 0.247127 0.118260
v 0.175293 0.224024 -0.000000
v 0.090917 0.293344 0.172420
v 0.095801 0.365383 0.184918
v 0.000000 0.366562 0.198560
v 0.000000 0.289759 0.184918
v 0.090917 0.438086 0.172420
v 0.085307 0.233724 0.135510
v 0.088737 0.457295 0.158079
v 0.000000 0.224972 0.144175
v 0.000000 0.184093 -0.078794
v 0.090917 0.196736 -0.074777
v 0.095801 0.184156 -0.000000
v 0.000000 0.170335 -0.000000
v 0.090917 0.196736 0.074777
v 0.000000 0.184093 0.078794
v 0.000000 0.224972 -0.144175
v 0.085307 0.233724 -0.135510
v 0.085307 0.233724 0.135510
v 0.000000 0.224972 0.144175
v 0.000000 0.500015 -0.146467
v 0.089132 0.467374 -0.153627
v 0.000000 0.142898 -0.113651
v 0.000000 0.186966 -0.112708
v 0.054037 0.186370 -0.104983
v 0.055276 0.142820 -0.105897
v 0.000000 0.226658 -0.102404
v 0.049442 0.224741 -0.095452
v 0.000000 0.257248 -0.079787
v 0.045967 0.253337 -0.074940
v 0.077526 0.245484 -0.065307
v 0.089570 0.222584 -0.074972
v 0.098827 0.185788 -0.081879
v 0.101078 0.142742 -0.082644
v 0.053453 0.102074 -0.100938
v 0.097743 0.102074 -0.078781
v 0.000000 0.102074 -0.108323
v 0.129511 0.142820 -0.045194
v 0.126655 0.186428 -0.044758
v 0.135942 0.187054 -0.000000
v 0.138990 0.142898 -0.000000
v 0.113877 0.224895 -0.041360
v 0.122077 0.226816 -0.000000
v 0.126655 0.186428 0.044758
v 0.129511 0.142820 0.045193
v 0.113877 0.224601 0.041360
v 0.125234 0.102074 -0.043083
v 0.088688 0.253467 -0.038768
v 0.094283 0.257299 -0.000000
v 0.088688 0.253042 0.038767
v 0.077526 0.245427 0.065307
v 0.089570 0.222584 0.074972
v 0.098827 0.185788 0.081879
v 0.101078 0.142742 0.082644
v 0.125234 0.102074 0.043083
v 0.097743 0.102074 0.078780
v 0.134397 0.102074 -0.000000
v 0.055276 0.142820 0.105897
v 0.054037 0.186370 0.104983
v 0.000000 0.186966 0.112708
v 0.000000 0.142898 0.113651
v 0.049442 0.224741 0.095452
v 0.000000 0.226658 0.102403
v 0.053453 0.102074 0.100937
v 0.045967 0.253337 0.074940
v 0.000000 0.257248 0.079787
v 0.000000 0.102074 0.108323
v 0.000000 0.041256 -0.026865
v 0.033535 0.042893 -0.025985
v 0.034726 0.041256 -0.000000
v 0.000000 0.039470 -0.000000
v 0.033535 0.042893 0.025985
v 0.000000 0.041256 0.026865
v 0.000000 0.046590 -0.051252
v 0.033009 0.047725 -0.048801
v 0.056145 0.049983 -0.043718
v 0.062801 0.047725 -0.025683
v 0.066023 0.046590 -0.000000
v 0.062801 0.047725 0.025683
v 0.056145 0.049983 0.043718
v 0.033009 0.047725 0.048801
v 0.000000 0.046590 0.051252
v 0.048833 0.270093 -0.041432
v 0.000000 0.275611 -0.043700
v 0.000000 0.281645 -0.000000
v 0.051398 0.275690 -0.000000
v 0.000000 0.275611 0.043700
v 0.048833 0.270093 0.041431
v 0.045967 0.253337 -0.074940
v 0.000000 0.257248 -0.079787
v 0.000000 0.257248 0.079787
v 0.045967 0.253337 0.074940
v 0.038854 0.056342 0.068980
v 0.046339 0.070797 0.085146
v 0.000000 0.070622 0.091238
v 0.000000 0.055777 0.073518
v 0.084597 0.070973 0.066644
v 0.070113 0.056987 0.054827
v 0.033009 0.047725 0.048801
v 0.108109 0.070797 -0.036510
v 0.115857 0.070622 -0.000000
v 0.000000 0.046590 0.051252
v 0.088284 0.056342 -0.030394
v 0.094135 0.055777 -0.000000
v 0.108109 0.070797 0.036510
v 0.088284 0.056342 0.030393
v 0.084597 0.070973 -0.066644
v 0.070113 0.056987 -0.054827
v 0.000000 0.070622 -0.091238
v 0.046339 0.070797 -0.085146
v 0.000000 0.062632 -0.079305
v 0.038854 0.056342 -0.068980
v 0.033009 0.047725 -0.048801
v 0.000000 0.046590 -0.051252
v 0.137206 0.166629 0.030372
v 0.114618 0.183567 0.026121
v 0.108856 0.161399 0.021247
v 0.123400 0.148781 0.022563
v 0.159200 0.123429 0.021247
v 0.152335 0.127560 0.022083
v 0.149824 0.120733 -0.000000
v 0.163296 0.114236 -0.000000
v 0.159200 0.123429 -0.021247
v 0.152335 0.127560 -0.022083
v 0.167313 0.143922 -0.029045
v 0.179024 0.135090 -0.026121
v 0.118918 0.142381 -0.000000
v 0.098890 0.162809 -0.000000
v 0.108856 0.161399 -0.021247
v 0.123400 0.148781 -0.022563
v 0.150572 0.184795 -0.022563
v 0.134443 0.195158 -0.021247
v 0.130347 0.204158 -0.000000
v 0.155494 0.190836 -0.000000
v 0.184787 0.157356 -0.021247
v 0.178929 0.162821 -0.022083
v 0.184803 0.167112 -0.000000
v 0.194752 0.155945 -0.000000
v 0.137206 0.166629 -0.030372
v 0.114618 0.183567 -0.026121
v 0.150572 0.184795 0.022563
v 0.134443 0.195158 0.021247
v 0.184787 0.157356 0.021247
v 0.178929 0.162821 0.022083
v 0.167313 0.143922 0.029045
v 0.179024 0.135090 0.026121
v 0.123400 0.148781 0.022563
v 0.108856 0.161399 0.021247
v 0.159200 0.123429 -0.021247
v 0.179024 0.135090 -0.026121
v 0.193524 0.124155 -0.000000
v 0.163296 0.114236 -0.000000
v 0.179024 0.135090 0.026121
v 0.159200 0.123429 0.021247
v 0.114618 0.183567 -0.026121
v 0.100119 0.194252 -0.000000
v 0.108856 0.161399 -0.021247
v 0.098890 0.162809 -0.000000
v 0.108856 0.161399 0.021247
v 0.114618 0.183567 0.026121
v 0.133119 0.130778 -0.000000
v 0.137587 0.137557 0.022981
v 0.137587 0.137557 -0.022981
v 0.151836 0.155595 -0.031084
v 0.165263 0.174253 -0.022981
v 0.170553 0.180412 -0.000000
v 0.165263 0.174253 0.022981
v 0.151836 0.155595 0.031084
v 0.152335 0.127560 0.022083
v 0.137587 0.137557 0.022981
v 0.159200 0.123429 0.021247
v 0.054511 0.038281 0.019054
v 0.054200 0.058509 0.019847
v 0.046723 0.058771 -0.000000
v 0.047365 0.038295 -0.000000
v 0.058367 0.070866 0.015918
v 0.054844 0.073300 -0.000000
v 0.058367 0.070866 -0.015918
v 0.054200 0.058509 -0.019847
v 0.054511 0.038281 -0.019054
v 0.074055 0.058688 -0.027334
v 0.073568 0.038245 -0.026204
v 0.074329 0.073221 -0.019487
v 0.090207 0.070745 -0.015924
v 0.093901 0.058391 -0.019857
v 0.092625 0.038208 -0.019061
v 0.101388 0.058606 -0.000000
v 0.099771 0.038195 -0.000000
v 0.093815 0.073142 -0.000000
v 0.090207 0.070745 0.015924
v 0.093901 0.058391 0.019857
v 0.092625 0.038208 0.019061
v 0.074055 0.058688 0.027334
v 0.073568 0.038245 0.026204
v 0.074329 0.073221 0.019487
v 0.058367 0.070866 0.015918
v 0.054200 0.058509 0.019847
v 0.054511 0.038281 0.019054
v 0.061602 0.006990 -0.010910
v 0.072423 0.004717 -0.012863
v 0.072241 0.000000 0.000000
v 0.059561 0.004750 -0.000000
v 0.083420 0.006938 -0.010910
v 0.085286 0.004683 -0.000000
v 0.083420 0.006938 0.010910
v 0.072423 0.004717 0.012863
v 0.061602 0.006990 0.010910
v 0.074329 0.073221 -0.019487
v 0.074419 0.078291 -0.000000
v 0.058367 0.070866 -0.015918
v 0.054844 0.073300 -0.000000
v 0.058367 0.070866 0.015918
v 0.074329 0.073221 0.019487
v 0.088541 0.018552 0.015601
v 0.072933 0.018361 0.021372
v 0.072423 0.004717 0.012863
v 0.057342 0.018612 0.015600
v 0.061602 0.006990 0.010910
v 0.088541 0.018552 -0.015601
v 0.094303 0.018319 -0.000000
v 0.061602 0.006990 -0.010910
v 0.057342 0.018612 -0.015600
v 0.072933 0.018361 -0.021372
v 0.072423 0.004717 -0.012863
v 0.061602 0.006990 0.010910
v 0.057342 0.018612 0.015600
v 0.051562 0.018402 -0.000000
v 0.059561 0.004750 -0.000000
v 0.157701 0.441754 0.129706
v 0.200251 0.437752 0.074273
v 0.209427 0.439513 -0.074756
v 0.156492 0.453326 -0.128712
v -0.090917 0.293950 -0.172420
v -0.095801 0.367024 -0.184918
v -0.090917 0.438802 -0.172420
v -0.175293 0.367905 -0.144175
v -0.164758 0.435472 -0.135510
v -0.164758 0.298977 -0.135510
v -0.085307 0.233724 -0.135510
v -0.143784 0.251133 -0.118260
v -0.209635 0.293436 -0.074777
v -0.224830 0.280421 -0.000000
v -0.241416 0.352481 -0.000000
v -0.224830 0.365716 -0.078794
v -0.227845 0.419245 -0.000000
v -0.213563 0.420236 -0.075816
v -0.209635 0.277677 0.074777
v -0.224830 0.343207 0.078794
v -0.209635 0.423269 0.074777
v -0.164758 0.233968 -0.070164
v -0.209635 0.423269 0.074777
v -0.200251 0.437752 0.074273
v -0.222227 0.437796 0.000160
v -0.175293 0.352099 0.144175
v -0.164758 0.424291 0.135510
v -0.164758 0.288086 0.135510
v -0.164758 0.229903 0.070163
v -0.143784 0.247127 0.118260
v -0.209635 0.277677 0.074777
v -0.175293 0.224024 -0.000000
v -0.090917 0.293344 0.172420
v -0.095801 0.365383 0.184918
v -0.090917 0.438086 0.172420
v -0.085307 0.233724 0.135510
v -0.088737 0.457295 0.158079
v -0.095801 0.184156 -0.000000
v -0.090917 0.196736 -0.074777
v -0.090917 0.196736 0.074777
v -0.085307 0.233724 -0.135510
v -0.085307 0.233724 0.135510
v -0.089132 0.467374 -0.153627
v -0.055276 0.142820 -0.105897
v -0.054037 0.186370 -0.104983
v -0.049442 0.224741 -0.095452
v -0.045967 0.253337 -0.074940
v -0.089570 0.222584 -0.074972
v -0.077526 0.245484 -0.065307
v -0.098827 0.185788 -0.081879
v -0.101078 0.142742 -0.082644
v -0.053453 0.102074 -0.100938
v -0.097743 0.102074 -0.078781
v -0.129511 0.142820 -0.045194
v -0.138990 0.142898 -0.000000
v -0.135942 0.187054 -0.000000
v -0.126655 0.186428 -0.044758
v -0.122077 0.226816 -0.000000
v -0.113877 0.224895 -0.041360
v -0.129511 0.142820 0.045193
v -0.126655 0.186428 0.044758
v -0.113877 0.224601 0.041360
v -0.125234 0.102074 -0.043083
v -0.088688 0.253467 -0.038768
v -0.094283 0.257299 -0.000000
v -0.088688 0.253042 0.038767
v -0.089570 0.222584 0.074972
v -0.077526 0.245427 0.065307
v -0.098827 0.185788 0.081879
v -0.101078 0.142742 0.082644
v -0.125234 0.102074 0.043083
v -0.097743 0.102074 0.078780
v -0.134397 0.102074 -0.000000
v -0.055276 0.142820 0.105897
v -0.054037 0.186370 0.104983
v -0.049442 0.224741 0.095452
v -0.053453 0.102074 0.100937
v -0.045967 0.253337 0.074940
v -0.034726 0.041256 -0.000000
v -0.033535 0.042893 -0.025985
v -0.033535 0.042893 0.025985
v -0.033009 0.047725 -0.048801
v -0.062801 0.047725 -0.025683
v -0.056145 0.049983 -0.043718
v -0.066023 0.046590 -0.000000
v -0.062801 0.047725 0.025683
v -0.033009 0.047725 0.048801
v -0.056145 0.049983 0.043718
v -0.048833 0.270093 -0.041432
v -0.051398 0.275690 -0.000000
v -0.048833 0.270093 0.041431
v -0.045967 0.253337 -0.074940
v -0.045967 0.253337 0.074940
v -0.038854 0.056342 0.068980
v -0.046339 0.070797 0.085146
v -0.084597 0.070973 0.066644
v -0.033009 0.047725 0.048801
v -0.070113 0.056987 0.054827
v -0.108109 0.070797 -0.036510
v -0.115857 0.070622 -0.000000
v -0.088284 0.056342 -0.030394
v -0.094135 0.055777 -0.000000
v -0.108109 0.070797 0.036510
v -0.088284 0.056342 0.030393
v -0.084597 0.070973 -0.066644
v -0.070113 0.056987 -0.054827
v -0.046339 0.070797 -0.085146
v -0.038854 0.056342 -0.068980
v -0.033009 0.047725 -0.048801
v -0.137206 0.166629 0.030372
v -0.123400 0.148781 0.022563
v -0.108856 0.161399 0.021247
v -0.114618 0.183567 0.026121
v -0.159200 0.123429 0.021247
v -0.163296 0.114236 -0.000000
v -0.149824 0.120733 -0.000000
v -0.152335 0.127560 0.022083
v -0.159200 0.123429 -0.021247
v -0.179024 0.135090 -0.026121
v -0.167313 0.143922 -0.029045
v -0.152335 0.127560 -0.022083
v -0.118918 0.142381 -0.000000
v -0.123400 0.148781 -0.022563
v -0.108856 0.161399 -0.021247
v -0.098890 0.162809 -0.000000
v -0.150572 0.184795 -0.022563
v -0.155494 0.190836 -0.000000
v -0.130347 0.204158 -0.000000
v -0.134443 0.195158 -0.021247
v -0.184787 0.157356 -0.021247
v -0.194752 0.155945 -0.000000
v -0.184803 0.167112 -0.000000
v -0.178929 0.162821 -0.022083
v -0.137206 0.166629 -0.030372
v -0.114618 0.183567 -0.026121
v -0.150572 0.184795 0.022563
v -0.134443 0.195158 0.021247
v -0.184787 0.157356 0.021247
v -0.179024 0.135090 0.026121
v -0.167313 0.143922 0.029045
v -0.178929 0.162821 0.022083
v -0.123400 0.148781 0.022563
v -0.108856 0.161399 0.021247
v -0.159200 0.123429 -0.021247
v -0.163296 0.114236 -0.000000
v -0.193524 0.124155 -0.000000
v -0.179024 0.135090 -0.026121
v -0.179024 0.135090 0.026121
v -0.159200 0.123429 0.021247
v -0.100119 0.194252 -0.000000
v -0.114618 0.183567 -0.026121
v -0.098890 0.162809 -0.000000
v -0.108856 0.161399 -0.021247
v -0.114618 0.183567 0.026121
v -0.108856 0.161399 0.021247
v -0.137587 0.137557 0.022981
v -0.133119 0.130778 -0.000000
v -0.137587 0.137557 -0.022981
v -0.151836 0.155595 -0.031084
v -0.165263 0.174253 -0.022981
v -0.170553 0.180412 -0.000000
v -0.165263 0.174253 0.022981
v -0.151836 0.155595 0.031084
v -0.152335 0.127560 0.022083
v -0.137587 0.137557 0.022981
v -0.159200 0.123429 0.021247
v -0.054511 0.038281 0.019054
v -0.047365 0.038295 -0.000000
v -0.046723 0.058771 -0.000000
v -0.054200 0.058509 0.019847
v -0.054844 0.073300 -0.000000
v -0.058367 0.070866 0.015918
v -0.054200 0.058509 -0.019847
v -0.058367 0.070866 -0.015918
v -0.054511 0.038281 -0.019054
v -0.073568 0.038245 -0.026204
v -0.074055 0.058688 -0.027334
v -0.074329 0.073221 -0.019487
v -0.093901 0.058391 -0.019857
v -0.090207 0.070745 -0.015924
v -0.092625 0.038208 -0.019061
v -0.099771 0.038195 -0.000000
v -0.101388 0.058606 -0.000000
v -0.093815 0.073142 -0.000000
v -0.093901 0.058391 0.019857
v -0.090207 0.070745 0.015924
v -0.092625 0.038208 0.019061
v -0.073568 0.038245 0.026204
v -0.074055 0.058688 0.027334
v -0.074329 0.073221 0.019487
v -0.054200 0.058509 0.019847
v -0.058367 0.070866 0.015918
v -0.054511 0.038281 0.019054
v -0.061602 0.006990 -0.010910
v -0.059561 0.004750 -0.000000
v -0.072241 0.000000 0.000000
v -0.072423 0.004717 -0.012863
v -0.085286 0.004683 -0.000000
v -0.083420 0.006938 -0.010910
v -0.072423 0.004717 0.012863
v -0.083420 0.006938 0.010910
v -0.061602 0.006990 0.010910
v -0.074419 0.078291 -0.000000
v -0.074329 0.073221 -0.019487
v -0.054844 0.073300 -0.000000
v -0.058367 0.070866 -0.015918
v -0.074329 0.073221 0.019487
v -0.058367 0.070866 0.015918
v -0.072423 0.004717 0.012863
v -0.072933 0.018361 0.021372
v -0.088541 0.018552 0.015601
v -0.057342 0.018612 0.015600
v -0.061602 0.006990 0.010910
v -0.094303 0.018319 -0.000000
v -0.088541 0.018552 -0.015601
v -0.061602 0.006990 -0.010910
v -0.072423 0.004717 -0.012863
v -0.072933 0.018361 -0.021372
v -0.057342 0.018612 -0.015600
v -0.061602 0.006990 0.010910
v -0.059561 0.004750 -0.000000
v -0.051562 0.018402 -0.000000
v -0.057342 0.018612 0.015600
v -0.157701 0.441754 0.129706
v -0.200251 0.437752 0.074273
v -0.209427 0.439513 -0.074756
v -0.156492 0.453326 -0.128712
vn -0.0000 0.3750 0.9270
vn 0.1473 0.5470 0.8241
vn -0.0000 0.6096 0.7927
vn -0.1473 0.5470 0.8241
vn -0.0000 -0.3602 -0.9329
vn -0.0000 0.0011 -1.0000
vn 0.3041 0.0015 -0.9526
vn 0.2861 -0.3462 -0.8935
vn -0.0000 0.3722 -0.9282
vn 0.2820 0.3585 -0.8899
vn 0.6137 0.3179 -0.7227
vn 0.6461 0.0036 -0.7632
vn 0.6041 -0.3440 -0.7188
vn 0.2672 -0.6824 -0.6804
vn 0.5024 -0.6124 -0.6104
vn -0.0000 -0.7081 -0.7061
vn 0.8290 -0.3889 -0.4020
vn 0.9119 0.0063 -0.4103
vn 0.9999 -0.0152 -0.0015
vn 0.8925 -0.4498 -0.0345
vn 0.8871 0.2534 -0.3859
vn 0.9640 0.2646 0.0275
vn 0.9111 -0.0309 0.4111
vn 0.8146 -0.4456 0.3712
vn 0.8654 0.3138 0.3907
vn 0.5931 -0.7233 -0.3536
vn 0.8902 0.4536 0.0413
vn 0.7898 0.4813 0.3801
vn 0.8654 0.3138 0.3906
vn 0.6297 0.3310 0.7028
vn 0.6451 -0.0120 0.7640
vn 0.5720 -0.3765 0.7288
vn 0.5586 -0.7628 0.3258
vn 0.8146 -0.4456 0.3713
vn 0.4509 -0.6504 0.6113
vn 0.6152 -0.7879 -0.0289
vn 0.2690 -0.3487 0.8978
vn 0.3052 0.0059 0.9523
vn -0.0000 0.0017 1.0000
vn -0.0000 -0.3609 0.9326
vn 0.3044 0.3676 0.8788
vn 0.2452 -0.6894 0.6816
vn 0.2981 0.5271 0.7958
vn -0.0000 -0.7088 0.7054
vn -0.0000 -0.9340 -0.3574
vn 0.2856 -0.8941 -0.3450
vn 0.2987 -0.9543 -0.0064
vn -0.0000 -1.0000 -0.0000
vn 0.2711 -0.9008 0.3392
vn -0.0000 -0.9340 0.3573
vn -0.0000 -0.7082 -0.7061
vn 0.2452 -0.6895 0.6816
vn -0.0000 -0.7089 0.7053
vn -0.0000 0.6287 -0.7776
vn 0.2666 0.5313 -0.8041
vn -0.0000 -0.0524 -0.9986
vn -0.0000 0.1390 -0.9903
vn 0.3034 0.1457 -0.9416
vn 0.3011 -0.0486 -0.9524
vn -0.0000 0.4291 -0.9033
vn 0.2799 0.4192 -0.8637
vn -0.0000 0.7604 -0.6494
vn 0.2475 0.7378 -0.6280
vn 0.4726 0.6762 -0.5652
vn 0.5858 0.4275 -0.6886
vn 0.6375 0.1671 -0.7521
vn 0.6420 -0.0384 -0.7657
vn 0.2838 -0.3036 -0.9096
vn 0.6077 -0.3082 -0.7320
vn -0.0000 -0.3021 -0.9533
vn 0.9097 -0.0271 -0.4143
vn 0.8943 0.1898 -0.4053
vn 0.9800 0.1990 0.0003
vn 0.9997 -0.0224 -0.0000
vn 0.8007 0.4764 -0.3631
vn 0.8626 0.5058 0.0017
vn 0.8944 0.1900 0.4050
vn 0.9097 -0.0271 0.4143
vn 0.8005 0.4766 0.3634
vn 0.8640 -0.3102 -0.3965
vn 0.5565 0.7723 -0.3063
vn 0.5869 0.8096 0.0026
vn 0.5585 0.7706 0.3069
vn 0.4747 0.6773 0.5621
vn 0.5865 0.4288 0.6871
vn 0.6376 0.1673 0.7520
vn 0.6421 -0.0384 0.7657
vn 0.8640 -0.3103 0.3965
vn 0.6077 -0.3082 0.7319
vn 0.9507 -0.3101 -0.0000
vn 0.3011 -0.0485 0.9524
vn 0.3028 0.1457 0.9419
vn -0.0000 0.1390 0.9903
vn -0.0000 -0.0522 0.9986
vn 0.2799 0.4193 0.8636
vn -0.0000 0.4292 0.9032
vn 0.2838 -0.3036 0.9096
vn 0.2487 0.7382 0.6270
vn -0.0000 0.7604 0.6494
vn -0.0000 -0.3021 0.9533
vn -0.0000 -0.9902 -0.1397
vn 0.1044 -0.9854 -0.1343
vn 0.1101 -0.9939 -0.0001
vn -0.0000 -1.0000 0.0001
vn 0.1042 -0.9854 0.1344
vn -0.0000 -0.9902 0.1396
vn -0.0000 -0.9406 -0.3396
vn 0.0925 -0.9457 -0.3116
vn 0.1986 -0.9447 -0.2610
vn 0.2317 -0.9628 -0.1391
vn 0.2431 -0.9700 -0.0000
vn 0.2317 -0.9628 0.1391
vn 0.1986 -0.9447 0.2610
vn 0.1042 -0.9516 0.2893
vn -0.0000 -0.9540 0.2999
vn 0.2485 0.9232 -0.2932
vn -0.0000 0.9534 -0.3017
vn -0.0000 1.0000 -0.0000
vn 0.2612 0.9653 0.0013
vn -0.0000 0.9534 0.3017
vn 0.2507 0.9226 0.2932
vn 0.2475 0.7379 -0.6279
vn -0.0000 0.7605 -0.6494
vn -0.0000 0.7605 0.6494
vn 0.1498 -0.8508 0.5036
vn 0.2264 -0.6286 0.7440
vn -0.0000 -0.6243 0.7812
vn -0.0000 -0.8509 0.5253
vn 0.4821 -0.6450 0.5929
vn 0.3139 -0.8609 0.4004
vn 0.1042 -0.9515 0.2894
vn 0.6787 -0.6628 -0.3163
vn 0.7427 -0.6696 -0.0004
vn 0.4247 -0.8813 -0.2073
vn 0.4540 -0.8910 -0.0001
vn 0.6787 -0.6627 0.3164
vn 0.4246 -0.8813 0.2073
vn 0.4821 -0.6450 -0.5929
vn 0.3139 -0.8609 -0.4004
vn -0.0000 -0.6377 -0.7703
vn 0.2214 -0.6357 -0.7395
vn -0.0000 -0.8341 -0.5515
vn 0.1312 -0.8525 -0.5059
vn -0.0632 0.0482 0.9968
vn -0.4586 0.3482 0.8175
vn -0.6844 -0.3104 0.6598
vn -0.4918 -0.5116 0.7045
vn -0.0796 -0.7551 0.6508
vn -0.3139 -0.6408 0.7006
vn -0.4910 -0.8712 -0.0000
vn -0.0147 -0.9999 -0.0000
vn -0.0797 -0.7551 -0.6508
vn -0.3139 -0.6408 -0.7006
vn 0.1058 -0.0798 -0.9912
vn 0.4713 -0.3554 -0.8072
vn -0.6634 -0.7483 -0.0000
vn -0.9515 -0.3077 -0.0000
vn -0.6844 -0.3104 -0.6598
vn -0.4919 -0.5116 -0.7045
vn 0.3547 0.6161 -0.7033
vn 0.1073 0.7459 -0.6574
vn 0.0314 0.9995 -0.0000
vn 0.5331 0.8460 -0.0000
vn 0.7041 0.2841 -0.6508
vn 0.5299 0.4779 -0.7006
vn 0.7027 0.7115 -0.0000
vn 0.9573 0.2889 -0.0000
vn -0.0632 0.0482 -0.9968
vn -0.4586 0.3482 -0.8176
vn 0.3546 0.6161 0.7033
vn 0.1073 0.7459 0.6574
vn 0.7041 0.2841 0.6508
vn 0.5299 0.4779 0.7006
vn 0.1058 -0.0798 0.9912
vn 0.4713 -0.3555 0.8072
vn -0.4919 -0.5116 0.7045
vn -0.6844 -0.3104 0.6597
vn -0.0795 -0.7551 -0.6508
vn 0.4713 -0.3555 -0.8071
vn 0.7984 -0.6021 -0.0000
vn 0.4713 -0.3555 0.8071
vn -0.4587 0.3483 -0.8175
vn -0.7992 0.6011 -0.0002
vn -0.4587 0.3483 0.8175
vn -0.5808 -0.8141 -0.0000
vn -0.4047 -0.5801 0.7068
vn -0.4047 -0.5801 -0.7069
vn 0.0211 -0.0159 -0.9997
vn 0.4463 0.5489 -0.7067
vn 0.6226 0.7825 -0.0000
vn 0.4463 0.5489 0.7067
vn 0.0211 -0.0159 0.9997
vn -0.4047 -0.5801 0.7069
vn -0.7014 -0.1276 0.7013
vn -0.6909 0.2063 0.6929
vn -0.9780 0.2086 -0.0000
vn -0.9932 -0.1164 -0.0000
vn -0.5127 0.6849 0.5177
vn -0.6306 0.7761 -0.0000
vn -0.5127 0.6849 -0.5178
vn -0.6909 0.2063 -0.6929
vn -0.7013 -0.1277 -0.7013
vn 0.0017 0.1900 -0.9818
vn -0.0002 -0.1428 -0.9898
vn 0.0046 0.7696 -0.6385
vn 0.5250 0.6739 -0.5199
vn 0.6964 0.1804 -0.6946
vn 0.6974 -0.1646 -0.6975
vn 0.9852 0.1714 -0.0000
vn 0.9856 -0.1691 0.0003
vn 0.6464 0.7630 -0.0000
vn 0.5250 0.6738 0.5199
vn 0.6965 0.1804 0.6945
vn 0.6976 -0.1642 0.6974
vn 0.0018 0.1900 0.9818
vn -0.0002 -0.1429 0.9897
vn 0.0046 0.7696 0.6385
vn -0.7013 -0.1277 0.7013
vn -0.5290 -0.6690 -0.5221
vn -0.0058 -0.7794 -0.6265
vn -0.0079 -1.0000 -0.0000
vn -0.6400 -0.7683 -0.0000
vn 0.5090 -0.6892 -0.5157
vn 0.6130 -0.7901 -0.0000
vn 0.5090 -0.6892 0.5157
vn -0.0059 -0.7794 0.6265
vn -0.5290 -0.6690 0.5221
vn 0.0053 1.0000 0.0002
vn -0.5127 0.6849 0.5178
vn 0.6495 -0.3909 0.6522
vn -0.0024 -0.3651 0.9309
vn -0.0058 -0.7793 0.6266
vn -0.6624 -0.3543 0.6600
vn 0.6495 -0.3909 -0.6522
vn 0.9203 -0.3912 -0.0000
vn -0.6625 -0.3543 -0.6600
vn -0.0024 -0.3651 -0.9310
vn -0.0058 -0.7793 -0.6266
vn -0.5290 -0.6691 0.5221
vn -0.6625 -0.3543 0.6600
vn -0.9410 -0.3383 -0.0000
vn -0.6401 -0.7683 -0.0000
vn 0.5846 0.4942 0.6435
vn 0.7898 0.4813 0.3802
vn 0.8266 0.4411 -0.3494
vn 0.5582 0.4934 -0.6670
vn -0.2861 -0.3462 -0.8935
vn -0.3041 0.0015 -0.9526
vn -0.2820 0.3585 -0.8899
vn -0.6461 0.0036 -0.7632
vn -0.6137 0.3179 -0.7227
vn -0.6041 -0.3440 -0.7188
vn -0.2672 -0.6824 -0.6804
vn -0.5024 -0.6124 -0.6104
vn -0.8290 -0.3889 -0.4020
vn -0.8925 -0.4498 -0.0345
vn -0.9999 -0.0152 -0.0015
vn -0.9120 0.0062 -0.4102
vn -0.9640 0.2646 0.0275
vn -0.8871 0.2534 -0.3859
vn -0.8146 -0.4456 0.3712
vn -0.9110 -0.0310 0.4112
vn -0.8654 0.3138 0.3907
vn -0.5931 -0.7233 -0.3536
vn -0.7898 0.4813 0.3801
vn -0.8902 0.4536 0.0413
vn -0.6451 -0.0120 0.7640
vn -0.6297 0.3310 0.7028
vn -0.5720 -0.3765 0.7288
vn -0.5585 -0.7628 0.3257
vn -0.4509 -0.6504 0.6113
vn -0.8146 -0.4456 0.3713
vn -0.6152 -0.7879 -0.0289
vn -0.2690 -0.3487 0.8978
vn -0.3051 0.0058 0.9523
vn -0.3044 0.3676 0.8788
vn -0.2452 -0.6894 0.6816
vn -0.2981 0.5271 0.7958
vn -0.2987 -0.9543 -0.0064
vn -0.2856 -0.8941 -0.3450
vn -0.2711 -0.9008 0.3392
vn -0.2452 -0.6895 0.6816
vn -0.2666 0.5313 -0.8041
vn -0.3012 -0.0486 -0.9523
vn -0.3034 0.1457 -0.9416
vn -0.2799 0.4192 -0.8637
vn -0.2475 0.7378 -0.6280
vn -0.5858 0.4275 -0.6886
vn -0.4726 0.6762 -0.5652
vn -0.6374 0.1668 -0.7523
vn -0.6420 -0.0384 -0.7657
vn -0.2838 -0.3036 -0.9096
vn -0.6077 -0.3082 -0.7320
vn -0.9097 -0.0272 -0.4143
vn -0.9997 -0.0224 -0.0000
vn -0.9800 0.1990 0.0003
vn -0.8944 0.1895 -0.4051
vn -0.8626 0.5058 0.0017
vn -0.8007 0.4764 -0.3631
vn -0.9098 -0.0271 0.4142
vn -0.8944 0.1900 0.4050
vn -0.8005 0.4767 0.3633
vn -0.8640 -0.3103 -0.3965
vn -0.5565 0.7723 -0.3063
vn -0.5869 0.8096 0.0026
vn -0.5585 0.7706 0.3069
vn -0.5865 0.4288 0.6871
vn -0.4747 0.6773 0.5621
vn -0.6378 0.1676 0.7517
vn -0.6421 -0.0384 0.7657
vn -0.8640 -0.3103 0.3965
vn -0.6077 -0.3082 0.7319
vn -0.9507 -0.3101 -0.0000
vn -0.3011 -0.0485 0.9524
vn -0.3028 0.1457 0.9419
vn -0.2799 0.4193 0.8636
vn -0.2838 -0.3036 0.9096
vn -0.2487 0.7382 0.6270
vn -0.1099 -0.9939 0.0001
vn -0.1044 -0.9854 -0.1343
vn -0.1042 -0.9854 0.1344
vn -0.0925 -0.9457 -0.3116
vn -0.2317 -0.9628 -0.1391
vn -0.1986 -0.9447 -0.2610
vn -0.2431 -0.9700 -0.0000
vn -0.2317 -0.9628 0.1391
vn -0.1042 -0.9516 0.2893
vn -0.1986 -0.9447 0.2610
vn -0.2486 0.9232 -0.2930
vn -0.2612 0.9653 0.0013
vn -0.2507 0.9226 0.2932
vn -0.2475 0.7379 -0.6279
vn -0.1498 -0.8508 0.5036
vn -0.2265 -0.6288 0.7438
vn -0.4821 -0.6450 0.5929
vn -0.1042 -0.9515 0.2894
vn -0.3139 -0.8609 0.4004
vn -0.6787 -0.6628 -0.3163
vn -0.7426 -0.6697 -0.0001
vn -0.4246 -0.8814 -0.2072
vn -0.4540 -0.8910 -0.0001
vn -0.6787 -0.6627 0.3164
vn -0.4246 -0.8813 0.2073
vn -0.4821 -0.6450 -0.5929
vn -0.3139 -0.8609 -0.4004
vn -0.2214 -0.6356 -0.7396
vn -0.1312 -0.8525 -0.5059
vn 0.0632 0.0482 0.9968
vn 0.4918 -0.5116 0.7045
vn 0.6844 -0.3104 0.6598
vn 0.4586 0.3482 0.8175
vn 0.0796 -0.7551 0.6508
vn 0.0147 -0.9999 -0.0000
vn 0.4910 -0.8712 -0.0000
vn 0.3139 -0.6408 0.7006
vn 0.0797 -0.7551 -0.6508
vn -0.4713 -0.3555 -0.8072
vn -0.1058 -0.0798 -0.9912
vn 0.3139 -0.6408 -0.7006
vn 0.6634 -0.7483 -0.0000
vn 0.4919 -0.5116 -0.7045
vn 0.6844 -0.3104 -0.6598
vn 0.9515 -0.3077 -0.0000
vn -0.3547 0.6161 -0.7033
vn -0.5331 0.8460 -0.0000
vn -0.0314 0.9995 -0.0000
vn -0.1073 0.7459 -0.6574
vn -0.7041 0.2841 -0.6508
vn -0.9573 0.2889 -0.0000
vn -0.7027 0.7115 -0.0000
vn -0.5299 0.4779 -0.7006
vn 0.0632 0.0482 -0.9968
vn 0.4586 0.3482 -0.8176
vn -0.3546 0.6161 0.7033
vn -0.1073 0.7459 0.6574
vn -0.7041 0.2841 0.6508
vn -0.4713 -0.3554 0.8072
vn -0.1058 -0.0798 0.9912
vn -0.5299 0.4779 0.7006
vn 0.4919 -0.5116 0.7045
vn 0.0796 -0.7551 -0.6507
vn -0.7984 -0.6021 -0.0000
vn -0.4713 -0.3555 -0.8071
vn -0.4713 -0.3555 0.8071
vn 0.7992 0.6011 -0.0002
vn 0.4587 0.3483 -0.8175
vn 0.4587 0.3483 0.8175
vn 0.6844 -0.3104 0.6597
vn 0.4047 -0.5801 0.7068
vn 0.5808 -0.8141 -0.0000
vn 0.4047 -0.5801 -0.7069
vn -0.0211 -0.0159 -0.9997
vn -0.4463 0.5489 -0.7067
vn -0.6226 0.7825 -0.0000
vn -0.4464 0.5489 0.7067
vn -0.0211 -0.0159 0.9997
vn 0.4047 -0.5801 0.7069
vn 0.7014 -0.1277 0.7013
vn 0.9932 -0.1164 -0.0000
vn 0.9780 0.2086 -0.0000
vn 0.6909 0.2063 0.6929
vn 0.6306 0.7761 -0.0000
vn 0.5127 0.6849 0.5178
vn 0.6909 0.2063 -0.6929
vn 0.5127 0.6849 -0.5178
vn 0.7016 -0.1273 -0.7011
vn 0.0002 -0.1428 -0.9898
vn -0.0017 0.1900 -0.9818
vn -0.0046 0.7696 -0.6385
vn -0.6965 0.1804 -0.6945
vn -0.5250 0.6739 -0.5199
vn -0.6972 -0.1642 -0.6978
vn -0.9856 -0.1691 0.0003
vn -0.9852 0.1714 -0.0000
vn -0.6464 0.7630 -0.0000
vn -0.6965 0.1804 0.6945
vn -0.5250 0.6738 0.5199
vn -0.6974 -0.1645 0.6976
vn 0.0002 -0.1429 0.9897
vn -0.0018 0.1900 0.9818
vn -0.0046 0.7696 0.6385
vn 0.5127 0.6849 0.5177
vn 0.7013 -0.1276 0.7013
vn 0.5290 -0.6690 -0.5221
vn 0.6400 -0.7683 -0.0000
vn 0.0079 -1.0000 -0.0000
vn 0.0059 -0.7794 -0.6265
vn -0.6130 -0.7901 -0.0000
vn -0.5090 -0.6892 -0.5157
vn 0.0058 -0.7794 0.6265
vn -0.5090 -0.6892 0.5157
vn 0.5290 -0.6690 0.5221
vn -0.0053 1.0000 0.0002
vn 0.5127 0.6849 -0.5177
vn 0.0059 -0.7793 0.6266
vn 0.0024 -0.3651 0.9309
vn -0.6495 -0.3909 0.6522
vn 0.6624 -0.3543 0.6601
vn 0.5289 -0.6691 0.5221
vn -0.9203 -0.3912 -0.0000
vn -0.6495 -0.3909 -0.6522
vn 0.0058 -0.7793 -0.6266
vn 0.0024 -0.3651 -0.9310
vn 0.6625 -0.3543 -0.6600
vn 0.6401 -0.7683 -0.0000
vn 0.9410 -0.3383 -0.0000
vn 0.6625 -0.3543 0.6600
vn -0.5846 0.4942 0.6435
vn -0.7898 0.4813 0.3802
vn -0.8266 0.4411 -0.3494
vn -0.5582 0.4934 -0.6670
vt 0.555059 0.125208
vt 0.589779 0.157872
vt 0.610342 0.125739
vt 0.435769 0.625052
vt 0.495701 0.625061
vt 0.495898 0.562517
vt 0.435755 0.562551
vt 0.555058 0.624792
vt 0.555088 0.562493
vt 0.555823 0.500383
vt 0.496464 0.500005
vt 0.435786 0.499922
vt 0.374371 0.562509
vt 0.374353 0.499752
vt 0.374467 0.625020
vt 0.435453 0.437289
vt 0.494913 0.437483
vt 0.485057 0.374963
vt 0.429418 0.374975
vt 0.540086 0.437856
vt 0.538465 0.374434
vt 0.477107 0.312620
vt 0.423709 0.313093
vt 0.542623 0.311190
vt 0.374698 0.437390
vt 0.553386 0.374830
vt 0.561134 0.310142
vt 0.547189 0.309991
vt 0.546486 0.248953
vt 0.483307 0.250004
vt 0.426030 0.250552
vt 0.372488 0.313406
vt 0.424562 0.317063
vt 0.371526 0.251343
vt 0.374178 0.375000
vt 0.435283 0.187442
vt 0.494581 0.187476
vt 0.495700 0.124939
vt 0.435768 0.124948
vt 0.554507 0.187502
vt 0.374369 0.187492
vt 0.575409 0.187984
vt 0.374467 0.124980
vt 0.249977 0.437428
vt 0.312433 0.437409
vt 0.312460 0.375000
vt 0.249986 0.375000
vt 0.312433 0.312591
vt 0.249976 0.312572
vt 0.249937 0.499677
vt 0.312327 0.499630
vt 0.312328 0.250369
vt 0.249937 0.250324
vt 0.611326 0.624252
vt 0.585041 0.561186
vt 0.502589 0.625000
vt 0.540797 0.625001
vt 0.540857 0.562505
vt 0.502593 0.562500
vt 0.581013 0.624940
vt 0.581131 0.562514
vt 0.622271 0.624681
vt 0.622371 0.562173
vt 0.622654 0.500878
vt 0.581985 0.500113
vt 0.541134 0.500005
vt 0.502622 0.500000
vt 0.468644 0.562500
vt 0.468644 0.500000
vt 0.468644 0.625000
vt 0.502686 0.437500
vt 0.541655 0.437503
vt 0.541959 0.375000
vt 0.502724 0.375000
vt 0.584099 0.437626
vt 0.585072 0.375001
vt 0.541655 0.312497
vt 0.502686 0.312499
vt 0.583806 0.312339
vt 0.468644 0.437500
vt 0.631719 0.438644
vt 0.633644 0.375000
vt 0.631366 0.311179
vt 0.622593 0.249097
vt 0.581985 0.249886
vt 0.541134 0.249995
vt 0.502623 0.250000
vt 0.468644 0.312500
vt 0.468644 0.250000
vt 0.468643 0.375000
vt 0.502475 0.187500
vt 0.540816 0.187495
vt 0.540469 0.124998
vt 0.501649 0.125001
vt 0.581125 0.187486
vt 0.580967 0.125060
vt 0.468480 0.187500
vt 0.622370 0.187827
vt 0.622269 0.125319
vt 0.467337 0.124999
vt 0.248358 0.437500
vt 0.306284 0.437500
vt 0.303839 0.375000
vt 0.247611 0.375000
vt 0.306284 0.312500
vt 0.248358 0.312499
vt 0.250000 0.500000
vt 0.312500 0.500000
vt 0.375000 0.500000
vt 0.355251 0.437500
vt 0.351106 0.375000
vt 0.355250 0.312500
vt 0.375000 0.250001
vt 0.312500 0.250000
vt 0.250000 0.250000
vt 0.688823 0.439521
vt 0.750005 0.439749
vt 0.750286 0.375000
vt 0.689876 0.375000
vt 0.750005 0.310251
vt 0.688824 0.310479
vt 0.686139 0.502367
vt 0.749390 0.502368
vt 0.749390 0.247631
vt 0.686139 0.247633
vt 0.394573 0.187500
vt 0.415827 0.187500
vt 0.415616 0.124999
vt 0.394696 0.125000
vt 0.415345 0.250000
vt 0.392944 0.250000
vt 0.375000 0.187500
vt 0.414225 0.437500
vt 0.413553 0.375000
vt 0.375000 0.125000
vt 0.388362 0.437500
vt 0.386075 0.375000
vt 0.414226 0.312499
vt 0.388362 0.312500
vt 0.415345 0.500001
vt 0.392944 0.500000
vt 0.415943 0.625000
vt 0.415868 0.562500
vt 0.394736 0.625000
vt 0.394578 0.562500
vt 0.375000 0.562500
vt 0.375000 0.625000
vt 0.536129 0.125000
vt 0.624830 0.124588
vt 0.625000 0.000000
vt 0.551603 -0.000206
vt 0.375000 1.000000
vt 0.407289 0.999616
vt 0.420458 0.875000
vt 0.375000 0.875000
vt 0.375000 0.750000
vt 0.407289 0.750000
vt 0.420457 0.625000
vt 0.375000 0.625000
vt 0.536129 0.875000
vt 0.624998 0.875000
vt 0.625000 0.750000
vt 0.551603 0.750000
vt 0.551570 0.500038
vt 0.624834 0.500409
vt 0.625115 0.375000
vt 0.536062 0.375001
vt 0.375000 0.500000
vt 0.407289 0.500000
vt 0.420457 0.375000
vt 0.375000 0.375000
vt 0.536129 0.625000
vt 0.624830 0.625412
vt 0.551570 0.249962
vt 0.624834 0.249591
vt 0.375000 0.250000
vt 0.407289 0.250000
vt 0.420457 0.125000
vt 0.375000 0.125000
vt 0.551603 1.000206
vt 0.625000 1.000000
vt 0.125000 0.500000
vt 0.250000 0.375000
vt 0.125000 0.375000
vt 0.250000 0.250000
vt 0.125000 0.250000
vt 0.750345 0.500153
vt 0.751052 0.375000
vt 0.874999 0.500000
vt 0.875003 0.375000
vt 0.875000 0.250000
vt 0.750344 0.249846
vt 0.480533 0.875000
vt 0.477310 0.997304
vt 0.477311 0.750000
vt 0.480533 0.625000
vt 0.477310 0.500000
vt 0.480533 0.375000
vt 0.477310 0.250000
vt 0.480533 0.125000
vt 0.407289 0.000384
vt 0.477310 0.002696
vt 0.375000 0.000000
vt 0.528578 1.000000
vt 0.576789 1.000000
vt 0.575797 0.875000
vt 0.519846 0.875000
vt 0.625000 1.000000
vt 0.625000 0.875000
vt 0.625000 0.750000
vt 0.575598 0.750000
vt 0.519052 0.750000
vt 0.575598 0.625000
vt 0.519052 0.625000
vt 0.625000 0.625000
vt 0.625000 0.500000
vt 0.576131 0.500000
vt 0.519052 0.500000
vt 0.577730 0.375001
vt 0.519052 0.375000
vt 0.646330 0.375000
vt 0.625000 0.250000
vt 0.576131 0.250000
vt 0.519052 0.250000
vt 0.575796 0.125000
vt 0.519845 0.125000
vt 0.625000 0.125000
vt 0.625000 -0.000000
vt 0.576789 -0.000000
vt 0.528578 0.000000
vt 0.125000 0.500000
vt 0.250000 0.500000
vt 0.248661 0.375000
vt 0.125000 0.375000
vt 0.375000 0.500000
vt 0.361608 0.375000
vt 0.250000 0.250000
vt 0.750000 0.500000
vt 0.752134 0.374999
vt 0.875000 0.500000
vt 0.875000 0.375000
vt 0.875000 0.250000
vt 0.750000 0.250000
vt 0.450263 0.250000
vt 0.450796 0.125000
vt 0.375000 0.125000
vt 0.451789 -0.000000
vt 0.375000 -0.000000
vt 0.450263 0.500000
vt 0.449259 0.375001
vt 0.450598 0.750000
vt 0.450598 0.625000
vt 0.375000 0.625000
vt 0.451789 1.000000
vt 0.450796 0.875000
vt 0.375000 0.875000
vt 0.567604 0.248668
vt 0.556837 0.310252
vt 0.556160 0.437341
vt 0.578702 0.500615
s 1
usemtl body.001
f 1/1/1 2/2/2 3/3/3
f 1/1/1 3/3/3 4/2/4
f 5/4/5 6/5/6 7/6/7
f 5/4/5 7/6/7 8/7/8
f 6/5/6 9/8/9 10/9/10
f 6/5/6 10/9/10 7/6/7
f 7/6/7 10/9/10 11/10/11
f 7/6/7 11/10/11 12/11/12
f 8/7/8 7/6/7 12/11/12
f 8/7/8 12/11/12 13/12/13
f 14/13/14 8/7/8 13/12/13
f 14/13/14 13/12/13 15/14/15
f 16/15/16 5/4/5 8/7/8
f 16/15/16 8/7/8 14/13/14
f 17/16/17 18/17/18 19/18/19
f 17/16/17 19/18/19 20/19/20
f 18/17/18 21/20/21 22/21/22
f 18/17/18 22/21/22 19/18/19
f 20/19/20 19/18/19 23/22/23
f 20/19/20 23/22/23 24/23/24
f 19/18/19 22/21/22 25/24/25
f 19/18/19 25/24/25 23/22/23
f 15/14/15 13/12/13 17/16/17
f 15/14/15 17/16/17 26/25/26
f 13/12/13 12/11/12 18/17/18
f 13/12/13 18/17/18 17/16/17
f 12/11/12 11/10/11 21/20/21
f 12/11/12 21/20/21 18/17/18
f 22/21/22 27/26/27 28/27/28
f 22/21/22 28/27/28 29/28/29
f 23/22/23 25/24/25 30/29/30
f 23/22/23 30/29/30 31/30/31
f 24/23/24 23/22/23 31/30/31
f 24/23/24 31/30/31 32/31/32
f 33/32/33 34/33/34 32/31/32
f 33/32/33 32/31/32 35/34/35
f 36/35/36 20/19/20 24/23/24
f 36/35/36 24/23/24 33/32/33
f 26/25/26 17/16/17 20/19/20
f 26/25/26 20/19/20 36/35/36
f 37/36/37 38/37/38 39/38/39
f 37/36/37 39/38/39 40/39/40
f 38/37/38 41/40/41 1/1/1
f 38/37/38 1/1/1 39/38/39
f 35/34/35 32/31/32 37/36/37
f 35/34/35 37/36/37 42/41/42
f 32/31/32 31/30/31 38/37/38
f 32/31/32 38/37/38 37/36/37
f 31/30/31 30/29/30 41/40/41
f 31/30/31 41/40/41 38/37/38
f 41/40/41 43/42/43 2/2/2
f 41/40/41 2/2/2 1/1/1
f 42/41/42 37/36/37 40/39/40
f 42/41/42 40/39/40 44/43/44
f 45/44/45 46/45/46 47/46/47
f 45/44/45 47/46/47 48/47/48
f 48/47/48 47/46/47 49/48/49
f 48/47/48 49/48/49 50/49/50
f 51/50/51 52/51/14 46/45/46
f 51/50/51 46/45/46 45/44/45
f 52/51/14 15/14/15 26/25/26
f 52/51/14 26/25/26 46/45/46
f 46/45/46 26/25/26 36/35/36
f 46/45/46 36/35/36 47/46/47
f 47/46/47 36/35/36 33/32/33
f 47/46/47 33/32/33 49/48/49
f 49/48/49 33/32/33 35/34/35
f 49/48/49 35/34/35 53/52/52
f 50/49/50 49/48/49 53/52/52
f 50/49/50 53/52/52 54/53/53
f 9/8/9 55/54/54 56/55/55
f 9/8/9 56/55/55 10/9/10
f 57/56/56 58/57/57 59/58/58
f 57/56/56 59/58/58 60/59/59
f 58/57/57 61/60/60 62/61/61
f 58/57/57 62/61/61 59/58/58
f 61/60/60 63/62/62 64/63/63
f 61/60/60 64/63/63 62/61/61
f 62/61/61 64/63/63 65/64/64
f 62/61/61 65/64/64 66/65/65
f 59/58/58 62/61/61 66/65/65
f 59/58/58 66/65/65 67/66/66
f 60/59/59 59/58/58 67/66/66
f 60/59/59 67/66/66 68/67/67
f 69/68/68 60/59/59 68/67/67
f 69/68/68 68/67/67 70/69/69
f 71/70/70 57/56/56 60/59/59
f 71/70/70 60/59/59 69/68/68
f 72/71/71 73/72/72 74/73/73
f 72/71/71 74/73/73 75/74/74
f 73/72/72 76/75/75 77/76/76
f 73/72/72 77/76/76 74/73/73
f 75/74/74 74/73/73 78/77/77
f 75/74/74 78/77/77 79/78/78
f 74/73/73 77/76/76 80/79/79
f 74/73/73 80/79/79 78/77/77
f 70/69/69 68/67/67 72/71/71
f 70/69/69 72/71/71 81/80/80
f 68/67/67 67/66/66 73/72/72
f 68/67/67 73/72/72 72/71/71
f 67/66/66 66/65/65 76/75/75
f 67/66/66 76/75/75 73/72/72
f 66/65/65 65/64/64 82/81/81
f 66/65/65 82/81/81 76/75/75
f 76/75/75 82/81/81 83/82/82
f 76/75/75 83/82/82 77/76/76
f 77/76/76 83/82/82 84/83/83
f 77/76/76 84/83/83 80/79/79
f 80/79/79 84/83/83 85/84/84
f 80/79/79 85/84/84 86/85/85
f 78/77/77 80/79/79 86/85/85
f 78/77/77 86/85/85 87/86/86
f 79/78/78 78/77/77 87/86/86
f 79/78/78 87/86/86 88/87/87
f 89/88/88 79/78/78 88/87/87
f 89/88/88 88/87/87 90/89/89
f 91/90/90 75/74/74 79/78/78
f 91/90/90 79/78/78 89/88/88
f 81/80/80 72/71/71 75/74/74
f 81/80/80 75/74/74 91/90/90
f 92/91/91 93/92/92 94/93/93
f 92/91/91 94/93/93 95/94/94
f 93/92/92 96/95/95 97/96/96
f 93/92/92 97/96/96 94/93/93
f 90/89/89 88/87/87 92/91/91
f 90/89/89 92/91/91 98/97/97
f 88/87/87 87/86/86 93/92/92
f 88/87/87 93/92/92 92/91/91
f 87/86/86 86/85/85 96/95/95
f 87/86/86 96/95/95 93/92/92
f 86/85/85 85/84/84 99/98/98
f 86/85/85 99/98/98 96/95/95
f 96/95/95 99/98/98 100/99/99
f 96/95/95 100/99/99 97/96/96
f 98/97/97 92/91/91 95/94/94
f 98/97/97 95/94/94 101/100/100
f 102/101/101 103/102/102 104/103/103
f 102/101/101 104/103/103 105/104/104
f 105/104/104 104/103/103 106/105/105
f 105/104/104 106/105/105 107/106/106
f 108/107/107 109/108/108 103/102/102
f 108/107/107 103/102/102 102/101/101
f 109/108/108 110/109/109 111/110/110
f 109/108/108 111/110/110 103/102/102
f 103/102/102 111/110/110 112/111/111
f 103/102/102 112/111/111 104/103/103
f 104/103/103 112/111/111 113/112/112
f 104/103/103 113/112/112 106/105/105
f 106/105/105 113/112/112 114/113/113
f 106/105/105 114/113/113 115/114/114
f 107/106/106 106/105/105 115/114/114
f 107/106/106 115/114/114 116/115/115
f 117/116/116 118/117/117 119/118/118
f 117/116/116 119/118/118 120/119/119
f 120/119/119 119/118/118 121/120/120
f 120/119/119 121/120/120 122/121/121
f 65/64/64 123/122/122 117/116/116
f 65/64/64 117/116/116 82/81/81
f 123/122/122 124/123/123 118/117/117
f 123/122/122 118/117/117 117/116/116
f 122/121/121 121/120/120 125/124/124
f 122/121/121 125/124/124 126/125/98
f 84/83/83 122/121/121 126/125/98
f 84/83/83 126/125/98 85/84/84
f 83/82/82 120/119/119 122/121/121
f 83/82/82 122/121/121 84/83/83
f 82/81/81 117/116/116 120/119/119
f 82/81/81 120/119/119 83/82/82
f 127/126/125 128/127/126 129/128/127
f 127/126/125 129/128/127 130/129/128
f 90/89/89 98/97/97 128/127/126
f 90/89/89 128/127/126 131/130/129
f 114/113/113 132/131/130 127/126/125
f 114/113/113 127/126/125 133/132/131
f 132/131/130 131/130/129 128/127/126
f 132/131/130 128/127/126 127/126/125
f 134/133/132 81/80/80 91/90/90
f 134/133/132 91/90/90 135/134/133
f 133/132/131 127/126/125 130/129/128
f 133/132/131 130/129/128 136/135/115
f 137/136/134 134/133/132 135/134/133
f 137/136/134 135/134/133 138/137/135
f 135/134/133 91/90/90 89/88/88
f 135/134/133 89/88/88 139/138/136
f 138/137/135 135/134/133 139/138/136
f 138/137/135 139/138/136 140/139/137
f 70/69/69 81/80/80 134/133/132
f 70/69/69 134/133/132 141/140/138
f 110/109/109 142/141/139 137/136/134
f 110/109/109 137/136/134 111/110/110
f 142/141/139 141/140/138 134/133/132
f 142/141/139 134/133/132 137/136/134
f 139/138/136 89/88/88 90/89/89
f 139/138/136 90/89/89 131/130/129
f 140/139/137 139/138/136 131/130/129
f 140/139/137 131/130/129 132/131/130
f 113/112/112 140/139/137 132/131/130
f 113/112/112 132/131/130 114/113/113
f 112/111/111 138/137/135 140/139/137
f 112/111/111 140/139/137 113/112/112
f 111/110/110 137/136/134 138/137/135
f 111/110/110 138/137/135 112/111/111
f 143/142/140 71/70/70 69/68/68
f 143/142/140 69/68/68 144/143/141
f 145/144/142 143/142/140 144/143/141
f 145/144/142 144/143/141 146/145/143
f 144/143/141 69/68/68 70/69/69
f 144/143/141 70/69/69 141/140/138
f 146/145/143 144/143/141 141/140/138
f 146/145/143 141/140/138 142/141/139
f 147/146/108 146/145/143 142/141/139
f 147/146/108 142/141/139 110/109/109
f 148/147/107 145/144/142 146/145/143
f 148/147/107 146/145/143 147/146/108
f 149/148/144 150/149/145 151/150/146
f 149/148/144 151/150/146 152/151/147
f 153/152/148 154/153/149 155/154/150
f 153/152/148 155/154/150 156/155/151
f 157/156/152 158/157/153 159/158/154
f 157/156/152 159/158/154 160/159/155
f 161/160/156 162/161/157 163/162/158
f 161/160/156 163/162/158 164/163/159
f 165/164/160 166/165/161 167/166/162
f 165/164/160 167/166/162 168/167/163
f 156/155/151 155/154/150 158/157/153
f 156/155/151 158/157/153 157/156/152
f 169/168/164 170/169/165 171/170/166
f 169/168/164 171/170/166 172/171/167
f 173/172/168 174/173/169 166/165/161
f 173/172/168 166/165/161 165/164/160
f 175/174/170 176/175/171 150/149/145
f 175/174/170 150/149/145 149/148/144
f 160/159/155 159/158/154 170/169/165
f 160/159/155 170/169/165 169/168/164
f 177/176/172 178/177/173 179/178/174
f 177/176/172 179/178/174 180/179/175
f 168/167/163 167/166/162 176/175/171
f 168/167/163 176/175/171 175/174/170
f 172/171/167 171/170/166 178/177/173
f 172/171/167 178/177/173 177/176/172
f 164/163/159 163/162/158 174/173/169
f 164/163/159 174/173/169 173/172/168
f 181/180/176 182/181/177 162/161/157
f 181/180/176 162/161/157 161/160/156
f 183/182/178 184/107/179 185/183/180
f 183/182/178 185/183/180 186/184/151
f 184/107/179 169/168/164 172/171/167
f 184/107/179 172/171/167 185/183/180
f 185/183/180 172/171/167 177/176/172
f 185/183/180 177/176/172 187/185/181
f 186/184/151 185/183/180 187/185/181
f 186/184/151 187/185/181 188/186/148
f 166/165/161 189/187/182 190/188/183
f 166/165/161 190/188/183 167/166/162
f 189/187/182 191/189/158 192/190/157
f 189/187/182 192/190/157 190/188/183
f 190/188/183 192/190/157 193/191/146
f 190/188/183 193/191/146 194/192/184
f 167/166/162 190/188/183 194/192/184
f 167/166/162 194/192/184 176/175/171
f 128/127/126 98/97/97 101/100/100
f 128/127/126 101/100/100 129/128/127
f 181/180/176 161/160/156 195/193/185
f 181/180/176 195/193/185 196/194/186
f 196/194/186 195/193/185 155/154/150
f 196/194/186 155/154/150 154/153/149
f 158/157/153 155/154/150 195/193/185
f 158/157/153 195/193/185 197/195/187
f 197/195/187 195/193/185 161/160/156
f 197/195/187 161/160/156 164/163/159
f 164/163/159 173/172/168 198/196/188
f 164/163/159 198/196/188 197/195/187
f 197/195/187 198/196/188 159/158/154
f 197/195/187 159/158/154 158/157/153
f 170/169/165 159/158/154 198/196/188
f 170/169/165 198/196/188 199/197/189
f 199/197/189 198/196/188 173/172/168
f 199/197/189 173/172/168 165/164/160
f 165/164/160 168/167/163 200/198/190
f 165/164/160 200/198/190 199/197/189
f 199/197/189 200/198/190 171/170/166
f 199/197/189 171/170/166 170/169/165
f 178/177/173 171/170/166 200/198/190
f 178/177/173 200/198/190 201/199/191
f 201/199/191 200/198/190 168/167/163
f 201/199/191 168/167/163 175/174/170
f 175/174/170 149/148/144 202/200/192
f 175/174/170 202/200/192 201/199/191
f 201/199/191 202/200/192 179/178/174
f 201/199/191 179/178/174 178/177/173
f 203/201/149 179/178/174 202/200/192
f 203/201/149 202/200/192 204/202/193
f 204/202/193 202/200/192 149/148/144
f 204/202/193 149/148/144 152/151/147
f 180/179/175 179/178/174 203/201/149
f 180/179/175 203/201/149 205/203/148
f 206/204/194 207/205/195 208/206/196
f 206/204/194 208/206/196 209/207/197
f 207/205/195 210/208/198 211/209/199
f 207/205/195 211/209/199 208/206/196
f 208/206/196 211/209/199 212/210/200
f 208/206/196 212/210/200 213/211/201
f 209/207/197 208/206/196 213/211/201
f 209/207/197 213/211/201 214/212/202
f 214/212/202 213/211/201 215/213/203
f 214/212/202 215/213/203 216/214/204
f 213/211/201 212/210/200 217/215/205
f 213/211/201 217/215/205 215/213/203
f 215/213/203 217/215/205 218/216/206
f 215/213/203 218/216/206 219/217/207
f 216/214/204 215/213/203 219/217/207
f 216/214/204 219/217/207 220/218/208
f 220/218/208 219/217/207 221/219/209
f 220/218/208 221/219/209 222/220/210
f 219/217/207 218/216/206 223/221/211
f 219/217/207 223/221/211 221/219/209
f 221/219/209 223/221/211 224/222/212
f 221/219/209 224/222/212 225/223/213
f 222/220/210 221/219/209 225/223/213
f 222/220/210 225/223/213 226/224/214
f 226/224/214 225/223/213 227/225/215
f 226/224/214 227/225/215 228/226/216
f 225/223/213 224/222/212 229/227/217
f 225/223/213 229/227/217 227/225/215
f 227/225/215 229/227/217 230/228/198
f 227/225/215 230/228/198 231/229/195
f 228/226/216 227/225/215 231/229/195
f 228/226/216 231/229/195 232/230/218
f 233/231/219 234/232/220 235/233/221
f 233/231/219 235/233/221 236/234/222
f 234/232/220 237/235/223 238/236/224
f 234/232/220 238/236/224 235/233/221
f 235/233/221 238/236/224 239/176/225
f 235/233/221 239/176/225 240/237/226
f 236/234/222 235/233/221 240/237/226
f 236/234/222 240/237/226 241/186/227
f 218/216/206 242/238/205 243/239/228
f 218/216/206 243/239/228 223/221/211
f 242/238/205 244/240/200 245/241/199
f 242/238/205 245/241/199 243/239/228
f 243/239/228 245/241/199 246/242/229
f 243/239/228 246/242/229 247/243/217
f 223/221/211 243/239/228 247/243/217
f 223/221/211 247/243/217 224/222/212
f 239/176/225 248/244/230 249/245/231
f 239/176/225 249/245/231 250/246/232
f 248/244/230 226/224/214 228/226/216
f 248/244/230 228/226/216 249/245/231
f 249/245/231 228/226/216 232/230/218
f 249/245/231 232/230/218 251/247/233
f 250/246/232 249/245/231 251/247/233
f 250/246/232 251/247/233 252/248/227
f 237/235/223 253/249/234 254/250/235
f 237/235/223 254/250/235 238/236/224
f 253/249/234 220/218/208 222/220/210
f 253/249/234 222/220/210 254/250/235
f 254/250/235 222/220/210 226/224/214
f 254/250/235 226/224/214 248/244/230
f 238/236/224 254/250/235 248/244/230
f 238/236/224 248/244/230 239/176/225
f 255/156/219 256/251/236 257/252/237
f 255/156/219 257/252/237 258/253/238
f 256/251/236 214/212/202 216/214/204
f 256/251/236 216/214/204 257/252/237
f 257/252/237 216/214/204 220/218/208
f 257/252/237 220/218/208 253/249/234
f 258/253/238 257/252/237 253/249/234
f 258/253/238 253/249/234 237/235/223
f 259/152/239 260/254/240 261/255/241
f 259/152/239 261/255/241 262/256/242
f 260/254/240 206/204/194 209/207/197
f 260/254/240 209/207/197 261/255/241
f 261/255/241 209/207/197 214/212/202
f 261/255/241 214/212/202 256/251/236
f 262/256/242 261/255/241 256/251/236
f 262/256/242 256/251/236 255/156/219
f 30/29/30 263/257/243 43/42/43
f 30/29/30 43/42/43 41/40/41
f 25/24/25 264/258/244 263/257/243
f 25/24/25 263/257/243 30/29/30
f 21/20/21 265/259/245 27/26/27
f 21/20/21 27/26/27 22/21/22
f 11/10/11 266/260/246 265/259/245
f 11/10/11 265/259/245 21/20/21
f 10/9/10 56/55/55 266/260/246
f 10/9/10 266/260/246 11/10/11
f 5/4/5 267/7/247 268/6/248
f 5/4/5 268/6/248 6/5/6
f 6/5/6 268/6/248 269/9/249
f 6/5/6 269/9/249 9/8/9
f 268/6/248 270/11/250 271/10/251
f 268/6/248 271/10/251 269/9/249
f 267/7/247 272/12/252 270/11/250
f 267/7/247 270/11/250 268/6/248
f 273/13/253 274/14/254 272/12/252
f 273/13/253 272/12/252 267/7/247
f 16/15/16 273/13/253 267/7/247
f 16/15/16 267/7/247 5/4/5
f 275/16/255 276/19/256 277/18/257
f 275/16/255 277/18/257 278/17/258
f 278/17/258 277/18/257 279/21/259
f 278/17/258 279/21/259 280/20/260
f 276/19/256 281/23/261 282/22/262
f 276/19/256 282/22/262 277/18/257
f 277/18/257 282/22/262 283/24/263
f 277/18/257 283/24/263 279/21/259
f 274/14/254 284/25/264 275/16/255
f 274/14/254 275/16/255 272/12/252
f 272/12/252 275/16/255 278/17/258
f 272/12/252 278/17/258 270/11/250
f 270/11/250 278/17/258 280/20/260
f 270/11/250 280/20/260 271/10/251
f 279/21/259 285/28/263 286/27/265
f 279/21/259 286/27/265 287/26/266
f 282/22/262 288/30/267 289/29/268
f 282/22/262 289/29/268 283/24/263
f 281/23/261 290/31/269 288/30/267
f 281/23/261 288/30/267 282/22/262
f 291/32/270 292/34/271 290/31/269
f 291/32/270 290/31/269 293/33/272
f 294/35/273 291/32/270 281/23/261
f 294/35/273 281/23/261 276/19/256
f 284/25/264 294/35/273 276/19/256
f 284/25/264 276/19/256 275/16/255
f 295/36/274 40/39/40 39/38/39
f 295/36/274 39/38/39 296/37/275
f 296/37/275 39/38/39 1/1/1
f 296/37/275 1/1/1 297/40/276
f 292/34/271 298/41/277 295/36/274
f 292/34/271 295/36/274 290/31/269
f 290/31/269 295/36/274 296/37/275
f 290/31/269 296/37/275 288/30/267
f 288/30/267 296/37/275 297/40/276
f 288/30/267 297/40/276 289/29/268
f 297/40/276 1/1/1 4/2/4
f 297/40/276 4/2/4 299/42/278
f 298/41/277 44/43/44 40/39/40
f 298/41/277 40/39/40 295/36/274
f 45/44/45 48/47/48 300/46/279
f 45/44/45 300/46/279 301/45/280
f 48/47/48 50/49/50 302/48/281
f 48/47/48 302/48/281 300/46/279
f 51/50/51 45/44/45 301/45/280
f 51/50/51 301/45/280 303/51/253
f 303/51/253 301/45/280 284/25/264
f 303/51/253 284/25/264 274/14/254
f 301/45/280 300/46/279 294/35/273
f 301/45/280 294/35/273 284/25/264
f 300/46/279 302/48/281 291/32/270
f 300/46/279 291/32/270 294/35/273
f 302/48/281 304/52/282 292/34/271
f 302/48/281 292/34/271 291/32/270
f 50/49/50 54/53/53 304/52/282
f 50/49/50 304/52/282 302/48/281
f 9/8/9 269/9/249 305/55/283
f 9/8/9 305/55/283 55/54/54
f 57/56/56 306/59/284 307/58/285
f 57/56/56 307/58/285 58/57/57
f 58/57/57 307/58/285 308/61/286
f 58/57/57 308/61/286 61/60/60
f 61/60/60 308/61/286 309/63/287
f 61/60/60 309/63/287 63/62/62
f 308/61/286 310/65/288 311/64/289
f 308/61/286 311/64/289 309/63/287
f 307/58/285 312/66/290 310/65/288
f 307/58/285 310/65/288 308/61/286
f 306/59/284 313/67/291 312/66/290
f 306/59/284 312/66/290 307/58/285
f 314/68/292 315/69/293 313/67/291
f 314/68/292 313/67/291 306/59/284
f 71/70/70 314/68/292 306/59/284
f 71/70/70 306/59/284 57/56/56
f 316/71/294 317/74/295 318/73/296
f 316/71/294 318/73/296 319/72/297
f 319/72/297 318/73/296 320/76/298
f 319/72/297 320/76/298 321/75/299
f 317/74/295 322/78/300 323/77/301
f 317/74/295 323/77/301 318/73/296
f 318/73/296 323/77/301 324/79/302
f 318/73/296 324/79/302 320/76/298
f 315/69/293 325/80/303 316/71/294
f 315/69/293 316/71/294 313/67/291
f 313/67/291 316/71/294 319/72/297
f 313/67/291 319/72/297 312/66/290
f 312/66/290 319/72/297 321/75/299
f 312/66/290 321/75/299 310/65/288
f 310/65/288 321/75/299 326/81/304
f 310/65/288 326/81/304 311/64/289
f 321/75/299 320/76/298 327/82/305
f 321/75/299 327/82/305 326/81/304
f 320/76/298 324/79/302 328/83/306
f 320/76/298 328/83/306 327/82/305
f 324/79/302 329/85/307 330/84/308
f 324/79/302 330/84/308 328/83/306
f 323/77/301 331/86/309 329/85/307
f 323/77/301 329/85/307 324/79/302
f 322/78/300 332/87/310 331/86/309
f 322/78/300 331/86/309 323/77/301
f 333/88/311 334/89/312 332/87/310
f 333/88/311 332/87/310 322/78/300
f 335/90/313 333/88/311 322/78/300
f 335/90/313 322/78/300 317/74/295
f 325/80/303 335/90/313 317/74/295
f 325/80/303 317/74/295 316/71/294
f 336/91/314 95/94/94 94/93/93
f 336/91/314 94/93/93 337/92/315
f 337/92/315 94/93/93 97/96/96
f 337/92/315 97/96/96 338/95/316
f 334/89/312 339/97/317 336/91/314
f 334/89/312 336/91/314 332/87/310
f 332/87/310 336/91/314 337/92/315
f 332/87/310 337/92/315 331/86/309
f 331/86/309 337/92/315 338/95/316
f 331/86/309 338/95/316 329/85/307
f 329/85/307 338/95/316 340/98/318
f 329/85/307 340/98/318 330/84/308
f 338/95/316 97/96/96 100/99/99
f 338/95/316 100/99/99 340/98/318
f 339/97/317 101/100/100 95/94/94
f 339/97/317 95/94/94 336/91/314
f 102/101/101 105/104/104 341/103/319
f 102/101/101 341/103/319 342/102/320
f 105/104/104 107/106/106 343/105/321
f 105/104/104 343/105/321 341/103/319
f 108/107/107 102/101/101 342/102/320
f 108/107/107 342/102/320 344/108/322
f 344/108/322 342/102/320 345/110/323
f 344/108/322 345/110/323 346/109/324
f 342/102/320 341/103/319 347/111/325
f 342/102/320 347/111/325 345/110/323
f 341/103/319 343/105/321 348/112/326
f 341/103/319 348/112/326 347/111/325
f 343/105/321 349/114/327 350/113/328
f 343/105/321 350/113/328 348/112/326
f 107/106/106 116/115/115 349/114/327
f 107/106/106 349/114/327 343/105/321
f 351/116/329 352/119/330 119/118/118
f 351/116/329 119/118/118 118/117/117
f 352/119/330 353/121/331 121/120/120
f 352/119/330 121/120/120 119/118/118
f 311/64/289 326/81/304 351/116/329
f 311/64/289 351/116/329 354/122/332
f 354/122/332 351/116/329 118/117/117
f 354/122/332 118/117/117 124/123/123
f 353/121/331 355/125/318 125/124/124
f 353/121/331 125/124/124 121/120/120
f 328/83/306 330/84/308 355/125/318
f 328/83/306 355/125/318 353/121/331
f 327/82/305 328/83/306 353/121/331
f 327/82/305 353/121/331 352/119/330
f 326/81/304 327/82/305 352/119/330
f 326/81/304 352/119/330 351/116/329
f 356/126/333 130/129/128 129/128/127
f 356/126/333 129/128/127 357/127/334
f 334/89/312 358/130/335 357/127/334
f 334/89/312 357/127/334 339/97/317
f 350/113/328 359/132/336 356/126/333
f 350/113/328 356/126/333 360/131/337
f 360/131/337 356/126/333 357/127/334
f 360/131/337 357/127/334 358/130/335
f 361/133/338 362/134/339 335/90/313
f 361/133/338 335/90/313 325/80/303
f 359/132/336 136/135/115 130/129/128
f 359/132/336 130/129/128 356/126/333
f 363/136/340 364/137/341 362/134/339
f 363/136/340 362/134/339 361/133/338
f 362/134/339 365/138/342 333/88/311
f 362/134/339 333/88/311 335/90/313
f 364/137/341 366/139/343 365/138/342
f 364/137/341 365/138/342 362/134/339
f 315/69/293 367/140/344 361/133/338
f 315/69/293 361/133/338 325/80/303
f 346/109/324 345/110/323 363/136/340
f 346/109/324 363/136/340 368/141/345
f 368/141/345 363/136/340 361/133/338
f 368/141/345 361/133/338 367/140/344
f 365/138/342 358/130/335 334/89/312
f 365/138/342 334/89/312 333/88/311
f 366/139/343 360/131/337 358/130/335
f 366/139/343 358/130/335 365/138/342
f 348/112/326 350/113/328 360/131/337
f 348/112/326 360/131/337 366/139/343
f 347/111/325 348/112/326 366/139/343
f 347/111/325 366/139/343 364/137/341
f 345/110/323 347/111/325 364/137/341
f 345/110/323 364/137/341 363/136/340
f 143/142/140 369/143/346 314/68/292
f 143/142/140 314/68/292 71/70/70
f 145/144/142 370/145/347 369/143/346
f 145/144/142 369/143/346 143/142/140
f 369/143/346 367/140/344 315/69/293
f 369/143/346 315/69/293 314/68/292
f 370/145/347 368/141/345 367/140/344
f 370/145/347 367/140/344 369/143/346
f 371/146/322 346/109/324 368/141/345
f 371/146/322 368/141/345 370/145/347
f 148/147/107 371/146/322 370/145/347
f 148/147/107 370/145/347 145/144/142
f 372/148/348 373/151/349 374/150/350
f 372/148/348 374/150/350 375/149/351
f 376/152/352 377/155/353 378/154/354
f 376/152/352 378/154/354 379/153/355
f 380/156/356 381/159/357 382/158/358
f 380/156/356 382/158/358 383/157/359
f 384/160/360 385/163/361 386/162/362
f 384/160/360 386/162/362 387/161/363
f 388/164/364 389/167/365 390/166/366
f 388/164/364 390/166/366 391/165/367
f 377/155/353 380/156/356 383/157/359
f 377/155/353 383/157/359 378/154/354
f 392/168/368 393/171/369 394/170/370
f 392/168/368 394/170/370 395/169/371
f 396/172/372 388/164/364 391/165/367
f 396/172/372 391/165/367 397/173/373
f 398/174/374 372/148/348 375/149/351
f 398/174/374 375/149/351 399/175/375
f 381/159/357 392/168/368 395/169/371
f 381/159/357 395/169/371 382/158/358
f 400/176/376 401/179/377 402/178/378
f 400/176/376 402/178/378 403/177/379
f 389/167/365 398/174/374 399/175/375
f 389/167/365 399/175/375 390/166/366
f 393/171/369 400/176/376 403/177/379
f 393/171/369 403/177/379 394/170/370
f 385/163/361 396/172/372 397/173/373
f 385/163/361 397/173/373 386/162/362
f 404/180/380 384/160/360 387/161/363
f 404/180/380 387/161/363 405/181/350
f 406/182/381 407/184/353 408/183/382
f 406/182/381 408/183/382 409/107/383
f 409/107/383 408/183/382 393/171/369
f 409/107/383 393/171/369 392/168/368
f 408/183/382 410/185/384 400/176/376
f 408/183/382 400/176/376 393/171/369
f 407/184/353 411/186/352 410/185/384
f 407/184/353 410/185/384 408/183/382
f 391/165/367 390/166/366 412/188/385
f 391/165/367 412/188/385 413/187/386
f 413/187/386 412/188/385 414/190/363
f 413/187/386 414/190/363 415/189/362
f 412/188/385 416/192/387 417/191/388
f 412/188/385 417/191/388 414/190/363
f 390/166/366 399/175/375 416/192/387
f 390/166/366 416/192/387 412/188/385
f 357/127/334 129/128/127 101/100/100
f 357/127/334 101/100/100 339/97/317
f 404/180/380 418/194/389 419/193/390
f 404/180/380 419/193/390 384/160/360
f 418/194/389 379/153/355 378/154/354
f 418/194/389 378/154/354 419/193/390
f 383/157/359 420/195/391 419/193/390
f 383/157/359 419/193/390 378/154/354
f 420/195/391 385/163/361 384/160/360
f 420/195/391 384/160/360 419/193/390
f 385/163/361 420/195/391 421/196/392
f 385/163/361 421/196/392 396/172/372
f 420/195/391 383/157/359 382/158/358
f 420/195/391 382/158/358 421/196/392
f 395/169/371 422/197/393 421/196/392
f 395/169/371 421/196/392 382/158/358
f 422/197/393 388/164/364 396/172/372
f 422/197/393 396/172/372 421/196/392
f 388/164/364 422/197/393 423/198/394
f 388/164/364 423/198/394 389/167/365
f 422/197/393 395/169/371 394/170/370
f 422/197/393 394/170/370 423/198/394
f 403/177/379 424/199/395 423/198/394
f 403/177/379 423/198/394 394/170/370
f 424/199/395 398/174/374 389/167/365
f 424/199/395 389/167/365 423/198/394
f 398/174/374 424/199/395 425/200/396
f 398/174/374 425/200/396 372/148/348
f 424/199/395 403/177/379 402/178/378
f 424/199/395 402/178/378 425/200/396
f 426/201/355 427/202/397 425/200/396
f 426/201/355 425/200/396 402/178/378
f 427/202/397 373/151/349 372/148/348
f 427/202/397 372/148/348 425/200/396
f 401/179/377 428/203/352 426/201/355
f 401/179/377 426/201/355 402/178/378
f 429/204/398 430/207/399 431/206/400
f 429/204/398 431/206/400 432/205/401
f 432/205/401 431/206/400 433/209/402
f 432/205/401 433/209/402 434/208/403
f 431/206/400 435/211/404 436/210/405
f 431/206/400 436/210/405 433/209/402
f 430/207/399 437/212/406 435/211/404
f 430/207/399 435/211/404 431/206/400
f 437/212/406 438/214/407 439/213/408
f 437/212/406 439/213/408 435/211/404
f 435/211/404 439/213/408 440/215/409
f 435/211/404 440/215/409 436/210/405
f 439/213/408 441/217/410 442/216/411
f 439/213/408 442/216/411 440/215/409
f 438/214/407 443/218/412 441/217/410
f 438/214/407 441/217/410 439/213/408
f 443/218/412 444/220/413 445/219/414
f 443/218/412 445/219/414 441/217/410
f 441/217/410 445/219/414 446/221/415
f 441/217/410 446/221/415 442/216/411
f 445/219/414 447/223/416 448/222/417
f 445/219/414 448/222/417 446/221/415
f 444/220/413 449/224/418 447/223/416
f 444/220/413 447/223/416 445/219/414
f 449/224/418 450/226/419 451/225/420
f 449/224/418 451/225/420 447/223/416
f 447/223/416 451/225/420 452/227/421
f 447/223/416 452/227/421 448/222/417
f 451/225/420 453/229/401 454/228/422
f 451/225/420 454/228/422 452/227/421
f 450/226/419 455/230/423 453/229/401
f 450/226/419 453/229/401 451/225/420
f 456/231/424 457/234/425 458/233/426
f 456/231/424 458/233/426 459/232/427
f 459/232/427 458/233/426 460/236/428
f 459/232/427 460/236/428 461/235/429
f 458/233/426 462/237/430 463/176/431
f 458/233/426 463/176/431 460/236/428
f 457/234/425 464/186/432 462/237/430
f 457/234/425 462/237/430 458/233/426
f 442/216/411 446/221/415 465/239/433
f 442/216/411 465/239/433 466/238/409
f 466/238/409 465/239/433 467/241/402
f 466/238/409 467/241/402 468/240/434
f 465/239/433 469/243/421 470/242/422
f 465/239/433 470/242/422 467/241/402
f 446/221/415 448/222/417 469/243/421
f 446/221/415 469/243/421 465/239/433
f 463/176/431 471/246/435 472/245/436
f 463/176/431 472/245/436 473/244/437
f 473/244/437 472/245/436 450/226/419
f 473/244/437 450/226/419 449/224/418
f 472/245/436 474/247/438 455/230/423
f 472/245/436 455/230/423 450/226/419
f 471/246/435 475/248/439 474/247/438
f 471/246/435 474/247/438 472/245/436
f 461/235/429 460/236/428 476/250/440
f 461/235/429 476/250/440 477/249/441
f 477/249/441 476/250/440 444/220/413
f 477/249/441 444/220/413 443/218/412
f 476/250/440 473/244/437 449/224/418
f 476/250/440 449/224/418 444/220/413
f 460/236/428 463/176/431 473/244/437
f 460/236/428 473/244/437 476/250/440
f 478/156/424 479/253/442 480/252/443
f 478/156/424 480/252/443 481/251/444
f 481/251/444 480/252/443 438/214/407
f 481/251/444 438/214/407 437/212/406
f 480/252/443 477/249/441 443/218/412
f 480/252/443 443/218/412 438/214/407
f 479/253/442 461/235/429 477/249/441
f 479/253/442 477/249/441 480/252/443
f 482/152/432 483/256/445 484/255/446
f 482/152/432 484/255/446 485/254/447
f 485/254/447 484/255/446 430/207/399
f 485/254/447 430/207/399 429/204/398
f 484/255/446 481/251/444 437/212/406
f 484/255/446 437/212/406 430/207/399
f 483/256/445 478/156/424 481/251/444
f 483/256/445 481/251/444 484/255/446
f 289/29/268 297/40/276 299/42/278
f 289/29/268 299/42/278 486/257/448
f 283/24/263 289/29/268 486/257/448
f 283/24/263 486/257/448 487/258/449
f 280/20/260 279/21/259 287/26/266
f 280/20/260 287/26/266 488/259/450
f 271/10/251 280/20/260 488/259/450
f 271/10/251 488/259/450 489/260/451
f 269/9/249 271/10/251 489/260/451
f 269/9/249 489/260/451 305/55/283
o Hachiware_hAIR_0
v 0.160979 0.572932 -0.006270
v 0.149078 0.577313 -0.010451
v 0.152767 0.589778 0.001956
v 0.137147 0.581730 -0.006161
v 0.133054 0.583270 0.002191
v 0.152767 0.589778 0.001956
v 0.152767 0.589778 0.001956
v 0.133054 0.583270 0.002191
v 0.137054 0.581822 0.010643
v 0.152767 0.589778 0.001956
v 0.149007 0.577419 0.014910
v 0.160994 0.572974 0.010463
v 0.149078 0.577313 -0.010451
v 0.137147 0.581730 -0.006161
v 0.152767 0.589778 0.001956
v 0.149007 0.577419 0.014910
v 0.152767 0.589778 0.001956
v 0.137054 0.581822 0.010643
v 0.165080 0.571439 0.001992
v 0.152767 0.589778 0.001956
v 0.160994 0.572974 0.010463
v 0.165080 0.571439 0.001992
v 0.160979 0.572932 -0.006270
v 0.152767 0.589778 0.001956
v 0.088428 0.474554 -0.148991
v 0.011185 0.502486 -0.143039
v 0.085307 0.495975 -0.135510
v 0.149568 0.470317 0.002199
v 0.141373 0.474108 0.019883
v 0.117538 0.486608 0.002659
v 0.117578 0.487238 -0.023371
v 0.141357 0.475159 -0.014905
v 0.117538 0.486608 0.002659
v 0.085539 0.502503 0.002630
v 0.093852 0.498599 -0.014543
v 0.117538 0.486608 0.002659
v 0.141373 0.474108 0.019883
v 0.117437 0.486388 0.029185
v 0.117538 0.486608 0.002659
v 0.141357 0.475159 -0.014905
v 0.149568 0.470317 0.002199
v 0.117538 0.486608 0.002659
v 0.093852 0.498599 -0.014543
v 0.117578 0.487238 -0.023371
v 0.117538 0.486608 0.002659
v 0.093599 0.498551 0.020197
v 0.085539 0.502503 0.002630
v 0.117538 0.486608 0.002659
v 0.117437 0.486388 0.029185
v 0.093599 0.498551 0.020197
v 0.117538 0.486608 0.002659
v -0.160979 0.572932 -0.006270
v -0.152767 0.589778 0.001956
v -0.149078 0.577313 -0.010451
v -0.137147 0.581730 -0.006161
v -0.152767 0.589778 0.001956
v -0.133054 0.583270 0.002191
v -0.152767 0.589778 0.001956
v -0.137054 0.581822 0.010643
v -0.133054 0.583270 0.002191
v -0.152767 0.589778 0.001956
v -0.160994 0.572974 0.010463
v -0.149007 0.577419 0.014910
v -0.149078 0.577313 -0.010451
v -0.152767 0.589778 0.001956
v -0.137147 0.581730 -0.006161
v -0.149007 0.577419 0.014910
v -0.137054 0.581822 0.010643
v -0.152767 0.589778 0.001956
v -0.165080 0.571439 0.001992
v -0.160994 0.572974 0.010463
v -0.152767 0.589778 0.001956
v -0.165080 0.571439 0.001992
v -0.152767 0.589778 0.001956
v -0.160979 0.572932 -0.006270
v -0.088428 0.474554 -0.148991
v -0.085307 0.495975 -0.135510
v -0.011185 0.502486 -0.143039
v -0.149568 0.470317 0.002199
v -0.117538 0.486608 0.002659
v -0.141373 0.474108 0.019883
v -0.117578 0.487238 -0.023371
v -0.117538 0.486608 0.002659
v -0.141357 0.475159 -0.014905
v -0.085539 0.502503 0.002630
v -0.117538 0.486608 0.002659
v -0.093852 0.498599 -0.014543
v -0.141373 0.474108 0.019883
v -0.117538 0.486608 0.002659
v -0.117437 0.486388 0.029185
v -0.141357 0.475159 -0.014905
v -0.117538 0.486608 0.002659
v -0.149568 0.470317 0.002199
v -0.093852 0.498599 -0.014543
v -0.117538 0.486608 0.002659
v -0.117578 0.487238 -0.023371
v -0.093599 0.498551 0.020197
v -0.117538 0.486608 0.002659
v -0.085539 0.502503 0.002630
v -0.117437 0.486388 0.029185
v -0.117538 0.486608 0.002659
v -0.093599 0.498551 0.020197
v 0.009234 0.502657 0.143237
v 0.050890 0.480200 0.151281
v 0.088049 0.464398 0.153550
v 0.085307 0.495975 0.135510
v 0.203723 0.446892 -0.074170
v 0.152969 0.460935 -0.125814
v 0.143784 0.480775 -0.118260
v 0.164758 0.497301 -0.070163
v 0.216886 0.445419 0.000489
v 0.176243 0.503427 0.002989
v 0.154503 0.449670 0.127076
v 0.195233 0.445496 0.074004
v 0.164596 0.492779 0.072358
v 0.143784 0.476196 0.118261
v 0.090917 0.529901 -0.074778
v 0.000000 0.540357 -0.078794
v 0.000000 0.552195 -0.000000
v 0.097989 0.540843 0.002257
v 0.097989 0.540843 0.002257
v 0.000000 0.552195 -0.000000
v 0.000000 0.540357 0.078794
v 0.090822 0.530076 0.076057
v 0.143784 0.480775 -0.118260
v 0.085307 0.495975 -0.135510
v 0.090917 0.529901 -0.074778
v 0.164758 0.497301 -0.070163
v 0.164596 0.492779 0.072358
v 0.090822 0.530076 0.076057
v 0.085307 0.495975 0.135510
v 0.143784 0.476196 0.118261
v 0.176243 0.503427 0.002989
v 0.097989 0.540843 0.002257
v 0.090822 0.530076 0.076057
v 0.164596 0.492779 0.072358
v 0.164758 0.497301 -0.070163
v 0.090917 0.529901 -0.074778
v 0.097989 0.540843 0.002257
v 0.176243 0.503427 0.002989
v 0.120297 0.571002 0.019259
v 0.137054 0.581822 0.010643
v 0.133054 0.583270 0.002191
v 0.112366 0.574120 0.002375
v 0.112366 0.574120 0.002375
v 0.133054 0.583270 0.002191
v 0.137147 0.581730 -0.006161
v 0.120495 0.570875 -0.014266
v 0.120495 0.570875 -0.014266
v 0.137147 0.581730 -0.006161
v 0.149078 0.577313 -0.010451
v 0.144075 0.561531 -0.022814
v 0.144075 0.561531 -0.022814
v 0.149078 0.577313 -0.010451
v 0.160979 0.572932 -0.006270
v 0.167621 0.552071 -0.014515
v 0.167621 0.552071 -0.014515
v 0.160979 0.572932 -0.006270
v 0.165080 0.571439 0.001992
v 0.175739 0.548675 0.001972
v 0.175739 0.548675 0.001972
v 0.165080 0.571439 0.001992
v 0.160994 0.572974 0.010463
v 0.167647 0.551884 0.018913
v 0.167647 0.551884 0.018913
v 0.160994 0.572974 0.010463
v 0.149007 0.577419 0.014910
v 0.143935 0.561488 0.027811
v 0.143935 0.561488 0.027811
v 0.149007 0.577419 0.014910
v 0.137054 0.581822 0.010643
v 0.120297 0.571002 0.019259
v 0.000000 0.080615 -0.284596
v 0.000000 0.101067 -0.278347
v 0.016354 0.097258 -0.275203
v 0.019956 0.080615 -0.278372
v 0.000000 0.060163 -0.278347
v 0.016354 0.063972 -0.275203
v 0.019863 0.080602 -0.111869
v 0.015485 0.096916 -0.113449
v 0.013954 0.094679 -0.093096
v 0.016949 0.080615 -0.090576
v 0.013954 0.066551 -0.093096
v 0.000000 0.080615 -0.085288
v 0.000000 0.063216 -0.090330
v 0.000000 0.098014 -0.090330
v 0.018996 0.059441 -0.164121
v 0.025505 0.080508 -0.164531
v 0.023810 0.080547 -0.144654
v 0.017931 0.061068 -0.145732
v 0.015521 0.064298 -0.113450
v 0.018803 0.101659 -0.164135
v 0.017785 0.100077 -0.145742
v 0.000000 0.059709 -0.111993
v 0.000000 0.063216 -0.090330
v 0.195233 0.445496 0.074004
v 0.164596 0.492779 0.072358
v 0.122490 0.497212 0.061241
v 0.128081 0.513713 0.053250
v 0.082196 0.535838 0.036131
v 0.069845 0.524075 0.041391
v 0.175353 0.470092 0.040698
v 0.174143 0.491378 0.035510
v 0.128081 0.513713 0.053250
v 0.122490 0.497212 0.061241
v 0.193451 0.461720 0.001642
v 0.189901 0.484360 0.001771
v 0.174143 0.491378 0.035510
v 0.175353 0.470092 0.040698
v 0.175318 0.472414 -0.036132
v 0.174108 0.492969 -0.030913
v 0.189901 0.484360 0.001771
v 0.193451 0.461720 0.001642
v 0.122802 0.499090 -0.054828
v 0.128353 0.514946 -0.047160
v 0.174108 0.492969 -0.030913
v 0.175318 0.472414 -0.036132
v 0.070404 0.524179 -0.035332
v 0.082657 0.535840 -0.030271
v 0.128353 0.514946 -0.047160
v 0.122802 0.499090 -0.054828
v 0.052044 0.532803 0.002594
v 0.066712 0.543039 0.002588
v 0.082657 0.535840 -0.030271
v 0.070404 0.524179 -0.035332
v 0.069845 0.524075 0.041391
v 0.082196 0.535838 0.036131
v 0.066712 0.543039 0.002588
v 0.052044 0.532803 0.002594
v 0.132292 0.526213 0.048241
v 0.138050 0.543453 0.040022
v 0.103531 0.558397 0.027384
v 0.090661 0.545461 0.032825
v 0.174077 0.506783 0.032251
v 0.172686 0.528368 0.026894
v 0.138050 0.543453 0.040022
v 0.132292 0.526213 0.048241
v 0.188362 0.500593 0.001832
v 0.184517 0.523454 0.001909
v 0.172686 0.528368 0.026894
v 0.174077 0.506783 0.032251
v 0.174042 0.507949 -0.027669
v 0.172653 0.528993 -0.022363
v 0.184517 0.523454 0.001909
v 0.188362 0.500593 0.001832
v 0.132539 0.527072 -0.042379
v 0.138255 0.543846 -0.034521
v 0.172653 0.528993 -0.022363
v 0.174042 0.507949 -0.027669
v 0.091062 0.545407 -0.027122
v 0.103843 0.558283 -0.021953
v 0.138255 0.543846 -0.034521
v 0.132539 0.527072 -0.042379
v 0.076632 0.551735 0.002565
v 0.091924 0.563279 0.002508
v 0.103843 0.558283 -0.021953
v 0.091062 0.545407 -0.027122
v 0.090661 0.545461 0.032825
v 0.103531 0.558397 0.027384
v 0.091924 0.563279 0.002508
v 0.076632 0.551735 0.002565
v 0.193451 0.461720 0.001642
v 0.175353 0.470092 0.040698
v 0.175318 0.472414 -0.036132
v 0.193451 0.461720 0.001642
v 0.122490 0.497212 0.061241
v 0.069845 0.524075 0.041391
v 0.175353 0.470092 0.040698
v 0.122490 0.497212 0.061241
v 0.122802 0.499090 -0.054828
v 0.175318 0.472414 -0.036132
v 0.070404 0.524179 -0.035332
v 0.122802 0.499090 -0.054828
v 0.017556 0.100834 -0.259338
v 0.000000 0.105732 -0.262739
v 0.000000 0.114335 -0.233957
v 0.019772 0.107428 -0.230084
v 0.000000 0.055498 -0.262739
v 0.017556 0.060396 -0.259338
v 0.019772 0.053802 -0.230084
v 0.000000 0.046896 -0.233957
v 0.022172 0.080615 -0.262882
v 0.026260 0.080615 -0.234317
v 0.018723 0.103568 -0.185707
v 0.000000 0.109881 -0.188133
v 0.000000 0.107625 -0.164772
v 0.000000 0.051316 -0.188143
v 0.018810 0.057612 -0.185707
v 0.000000 0.053515 -0.164755
v 0.025119 0.080573 -0.187954
v 0.025433 0.080612 -0.213994
v 0.019139 0.055403 -0.211538
v 0.000000 0.112391 -0.214017
v 0.019125 0.105827 -0.211539
v 0.000000 0.048839 -0.214015
v 0.000000 0.060163 -0.278347
v 0.000000 0.101067 -0.278347
v 0.000000 0.105747 -0.144959
v 0.000000 0.055435 -0.144949
v 0.000000 0.101516 -0.111992
v 0.000000 0.098014 -0.090330
v 0.018821 0.104704 -0.198632
v 0.000000 0.111136 -0.201075
v 0.000000 0.050077 -0.201079
v 0.018860 0.056511 -0.198631
v 0.025122 0.080599 -0.200979
v 0.022172 0.080579 -0.128309
v 0.016783 0.098630 -0.129748
v 0.016880 0.062553 -0.129744
v 0.000000 0.057219 -0.128584
v 0.000000 0.103993 -0.128588
v -0.009234 0.502657 0.143237
v -0.085307 0.495975 0.135510
v -0.088049 0.464398 0.153550
v -0.050890 0.480200 0.151281
v -0.203723 0.446892 -0.074170
v -0.164758 0.497301 -0.070163
v -0.143784 0.480775 -0.118260
v -0.152969 0.460935 -0.125814
v -0.216886 0.445419 0.000489
v -0.176243 0.503427 0.002989
v -0.154503 0.449670 0.127076
v -0.143784 0.476196 0.118261
v -0.164596 0.492779 0.072358
v -0.195233 0.445496 0.074004
v -0.090917 0.529901 -0.074778
v -0.097989 0.540843 0.002257
v -0.097989 0.540843 0.002257
v -0.090822 0.530076 0.076057
v -0.143784 0.480775 -0.118260
v -0.164758 0.497301 -0.070163
v -0.090917 0.529901 -0.074778
v -0.085307 0.495975 -0.135510
v -0.164596 0.492779 0.072358
v -0.143784 0.476196 0.118261
v -0.085307 0.495975 0.135510
v -0.090822 0.530076 0.076057
v -0.176243 0.503427 0.002989
v -0.164596 0.492779 0.072358
v -0.090822 0.530076 0.076057
v -0.097989 0.540843 0.002257
v -0.164758 0.497301 -0.070163
v -0.176243 0.503427 0.002989
v -0.097989 0.540843 0.002257
v -0.090917 0.529901 -0.074778
v -0.120297 0.571002 0.019259
v -0.112366 0.574120 0.002375
v -0.133054 0.583270 0.002191
v -0.137054 0.581822 0.010643
v -0.112366 0.574120 0.002375
v -0.120495 0.570875 -0.014266
v -0.137147 0.581730 -0.006161
v -0.133054 0.583270 0.002191
v -0.120495 0.570875 -0.014266
v -0.144075 0.561531 -0.022814
v -0.149078 0.577313 -0.010451
v -0.137147 0.581730 -0.006161
v -0.144075 0.561531 -0.022814
v -0.167621 0.552071 -0.014515
v -0.160979 0.572932 -0.006270
v -0.149078 0.577313 -0.010451
v -0.167621 0.552071 -0.014515
v -0.175739 0.548675 0.001972
v -0.165080 0.571439 0.001992
v -0.160979 0.572932 -0.006270
v -0.175739 0.548675 0.001972
v -0.167647 0.551884 0.018913
v -0.160994 0.572974 0.010463
v -0.165080 0.571439 0.001992
v -0.167647 0.551884 0.018913
v -0.143935 0.561488 0.027811
v -0.149007 0.577419 0.014910
v -0.160994 0.572974 0.010463
v -0.143935 0.561488 0.027811
v -0.120297 0.571002 0.019259
v -0.137054 0.581822 0.010643
v -0.149007 0.577419 0.014910
v -0.019956 0.080615 -0.278372
v -0.016354 0.097258 -0.275203
v -0.016354 0.063972 -0.275203
v -0.019863 0.080602 -0.111869
v -0.016949 0.080615 -0.090576
v -0.013954 0.094679 -0.093096
v -0.015485 0.096916 -0.113449
v -0.013954 0.066551 -0.093096
v -0.018996 0.059441 -0.164121
v -0.017931 0.061068 -0.145732
v -0.023810 0.080547 -0.144654
v -0.025505 0.080508 -0.164531
v -0.015521 0.064298 -0.113450
v -0.017785 0.100077 -0.145742
v -0.018803 0.101659 -0.164135
v -0.195233 0.445496 0.074004
v -0.164596 0.492779 0.072358
v -0.122490 0.497212 0.061241
v -0.069845 0.524075 0.041391
v -0.082196 0.535838 0.036131
v -0.128081 0.513713 0.053250
v -0.175353 0.470092 0.040698
v -0.122490 0.497212 0.061241
v -0.128081 0.513713 0.053250
v -0.174143 0.491378 0.035510
v -0.193451 0.461720 0.001642
v -0.175353 0.470092 0.040698
v -0.174143 0.491378 0.035510
v -0.189901 0.484360 0.001771
v -0.175318 0.472414 -0.036132
v -0.193451 0.461720 0.001642
v -0.189901 0.484360 0.001771
v -0.174108 0.492969 -0.030913
v -0.122802 0.499090 -0.054828
v -0.175318 0.472414 -0.036132
v -0.174108 0.492969 -0.030913
v -0.128353 0.514946 -0.047160
v -0.070404 0.524179 -0.035332
v -0.122802 0.499090 -0.054828
v -0.128353 0.514946 -0.047160
v -0.082657 0.535840 -0.030271
v -0.052044 0.532803 0.002594
v -0.070404 0.524179 -0.035332
v -0.082657 0.535840 -0.030271
v -0.066712 0.543039 0.002588
v -0.069845 0.524075 0.041391
v -0.052044 0.532803 0.002594
v -0.066712 0.543039 0.002588
v -0.082196 0.535838 0.036131
v -0.132292 0.526213 0.048241
v -0.090661 0.545461 0.032825
v -0.103531 0.558397 0.027384
v -0.138050 0.543453 0.040022
v -0.174077 0.506783 0.032251
v -0.132292 0.526213 0.048241
v -0.138050 0.543453 0.040022
v -0.172686 0.528368 0.026894
v -0.188362 0.500593 0.001832
v -0.174077 0.506783 0.032251
v -0.172686 0.528368 0.026894
v -0.184517 0.523454 0.001909
v -0.174042 0.507949 -0.027669
v -0.188362 0.500593 0.001832
v -0.184517 0.523454 0.001909
v -0.172653 0.528993 -0.022363
v -0.132539 0.527072 -0.042379
v -0.174042 0.507949 -0.027669
v -0.172653 0.528993 -0.022363
v -0.138255 0.543846 -0.034521
v -0.091062 0.545407 -0.027122
v -0.132539 0.527072 -0.042379
v -0.138255 0.543846 -0.034521
v -0.103843 0.558283 -0.021953
v -0.076632 0.551735 0.002565
v -0.091062 0.545407 -0.027122
v -0.103843 0.558283 -0.021953
v -0.091924 0.563279 0.002508
v -0.090661 0.545461 0.032825
v -0.076632 0.551735 0.002565
v -0.091924 0.563279 0.002508
v -0.103531 0.558397 0.027384
v -0.193451 0.461720 0.001642
v -0.175353 0.470092 0.040698
v -0.175318 0.472414 -0.036132
v -0.193451 0.461720 0.001642
v -0.122490 0.497212 0.061241
v -0.069845 0.524075 0.041391
v -0.175353 0.470092 0.040698
v -0.122490 0.497212 0.061241
v -0.122802 0.499090 -0.054828
v -0.175318 0.472414 -0.036132
v -0.070404 0.524179 -0.035332
v -0.122802 0.499090 -0.054828
v -0.017556 0.100834 -0.259338
v -0.019772 0.107428 -0.230084
v -0.019772 0.053802 -0.230084
v -0.017556 0.060396 -0.259338
v -0.022172 0.080615 -0.262882
v -0.026260 0.080615 -0.234317
v -0.018723 0.103568 -0.185707
v -0.018810 0.057612 -0.185707
v -0.025119 0.080573 -0.187954
v -0.019139 0.055403 -0.211538
v -0.025433 0.080612 -0.213994
v -0.019125 0.105827 -0.211539
v -0.018821 0.104704 -0.198632
v -0.018860 0.056511 -0.198631
v -0.025122 0.080599 -0.200979
v -0.016783 0.098630 -0.129748
v -0.022172 0.080579 -0.128309
v -0.016880 0.062553 -0.129744
v 0.090822 0.530076 0.076057
v 0.000000 0.540357 0.078794
v 0.000000 0.505609 0.140380
v 0.009234 0.502657 0.143237
v 0.085307 0.495975 0.135510
v 0.085307 0.495975 -0.135510
v 0.011185 0.502486 -0.143039
v 0.000000 0.505609 -0.140380
v 0.000000 0.540357 -0.078794
v 0.090917 0.529901 -0.074778
v -0.090822 0.530076 0.076057
v -0.085307 0.495975 0.135510
v -0.009234 0.502657 0.143237
v -0.085307 0.495975 -0.135510
v -0.090917 0.529901 -0.074778
v -0.011185 0.502486 -0.143039
vn 0.6668 0.4986 -0.5539
vn 0.2231 0.6000 -0.7683
vn 0.3237 0.9461 -0.0119
vn -0.1926 0.8013 -0.5664
vn -0.3708 0.9287 -0.0087
vn 0.3238 0.9461 -0.0119
vn 0.3238 0.9460 -0.0120
vn -0.3708 0.9287 -0.0086
vn -0.1851 0.8128 0.5523
vn 0.2362 0.6111 0.7555
vn 0.6743 0.5017 0.5419
vn 0.2230 0.6000 -0.7683
vn 0.2361 0.6111 0.7555
vn 0.3238 0.9461 -0.0120
vn -0.1851 0.8128 0.5524
vn 0.8782 0.4783 -0.0039
vn 0.3237 0.9461 -0.0120
vn 0.6743 0.5017 0.5418
vn 0.8782 0.4784 -0.0040
vn 0.6668 0.4986 -0.5538
vn 0.2604 0.5292 -0.8076
vn 0.1218 0.7250 -0.6779
vn 0.2450 0.7047 -0.6658
vn -0.2862 -0.9577 -0.0292
vn -0.3423 -0.9272 0.1519
vn -0.4491 -0.8933 -0.0157
vn -0.4308 -0.8700 -0.2398
vn -0.3374 -0.9205 -0.1969
vn -0.5965 -0.8026 -0.0068
vn -0.5346 -0.8251 -0.1830
vn -0.3423 -0.9272 0.1520
vn -0.4437 -0.8714 0.2092
vn -0.3374 -0.9206 -0.1968
vn -0.2862 -0.9577 -0.0293
vn -0.5345 -0.8251 -0.1831
vn -0.5428 -0.8242 0.1615
vn -0.5965 -0.8026 -0.0067
vn -0.5428 -0.8242 0.1616
vn -0.6668 0.4986 -0.5539
vn -0.3238 0.9460 -0.0119
vn -0.2231 0.6000 -0.7683
vn 0.1926 0.8013 -0.5664
vn -0.3238 0.9461 -0.0119
vn 0.3708 0.9287 -0.0087
vn -0.3238 0.9460 -0.0120
vn 0.1851 0.8128 0.5523
vn 0.3708 0.9287 -0.0086
vn -0.3237 0.9461 -0.0120
vn -0.6743 0.5017 0.5419
vn -0.2362 0.6111 0.7555
vn -0.2230 0.6000 -0.7683
vn -0.2361 0.6111 0.7555
vn 0.1851 0.8128 0.5524
vn -0.3238 0.9461 -0.0120
vn -0.8782 0.4783 -0.0039
vn -0.6744 0.5017 0.5418
vn -0.3237 0.9461 -0.0119
vn -0.8782 0.4783 -0.0040
vn -0.6668 0.4987 -0.5538
vn -0.2604 0.5292 -0.8076
vn -0.2450 0.7047 -0.6658
vn -0.1218 0.7250 -0.6779
vn 0.2862 -0.9577 -0.0292
vn 0.4491 -0.8933 -0.0157
vn 0.3423 -0.9272 0.1519
vn 0.4308 -0.8700 -0.2398
vn 0.3374 -0.9205 -0.1969
vn 0.5965 -0.8026 -0.0068
vn 0.5346 -0.8251 -0.1830
vn 0.3423 -0.9272 0.1520
vn 0.4437 -0.8714 0.2092
vn 0.3374 -0.9206 -0.1968
vn 0.2862 -0.9577 -0.0293
vn 0.5345 -0.8251 -0.1831
vn 0.5428 -0.8242 0.1615
vn 0.5965 -0.8026 -0.0067
vn 0.5428 -0.8242 0.1616
vn 0.1127 0.7225 0.6821
vn 0.1503 0.5305 0.8342
vn 0.2895 0.5020 0.8150
vn 0.2666 0.6870 0.6760
vn 0.7475 0.5757 -0.3315
vn 0.5381 0.5328 -0.6531
vn 0.4821 0.6406 -0.5977
vn 0.5925 0.7411 -0.3157
vn 0.8146 0.5779 0.0490
vn 0.6501 0.7592 0.0318
vn 0.5779 0.4818 0.6587
vn 0.7708 0.5139 0.3765
vn 0.6233 0.6978 0.3528
vn 0.5238 0.5906 0.6139
vn 0.2585 0.9124 -0.3174
vn -0.0000 0.9448 -0.3277
vn -0.0000 1.0000 -0.0013
vn 0.2837 0.9589 0.0105
vn -0.0000 1.0000 -0.0012
vn -0.0000 0.9441 0.3296
vn 0.2713 0.9037 0.3311
vn 0.2450 0.7048 -0.6658
vn 0.5925 0.7411 -0.3158
vn 0.6233 0.6979 0.3528
vn 0.2713 0.9037 0.3312
vn 0.2667 0.6870 0.6759
vn 0.5238 0.5907 0.6138
vn 0.6500 0.7593 0.0318
vn 0.2838 0.9588 0.0106
vn 0.2714 0.9037 0.3311
vn 0.2838 0.9588 0.0105
vn -0.2402 0.7609 0.6027
vn -0.4459 0.8951 -0.0080
vn -0.4459 0.8951 -0.0081
vn -0.1927 0.8013 -0.5664
vn -0.2461 0.7509 -0.6128
vn -0.2460 0.7509 -0.6129
vn 0.2051 0.5237 -0.8268
vn 0.2052 0.5237 -0.8268
vn 0.6912 0.4002 -0.6018
vn 0.6912 0.4002 -0.6017
vn 0.8782 0.4783 -0.0040
vn 0.9292 0.3696 -0.0024
vn 0.8782 0.4784 -0.0039
vn 0.6744 0.5017 0.5418
vn 0.6996 0.3990 0.5927
vn 0.6996 0.3990 0.5928
vn 0.2362 0.6110 0.7555
vn 0.2193 0.5300 0.8191
vn 0.2192 0.5301 0.8191
vn -0.2402 0.7609 0.6028
vn -0.0000 -0.0000 -1.0000
vn -0.0000 0.7152 -0.6989
vn 0.6248 0.5619 -0.5421
vn 0.7562 -0.0000 -0.6544
vn -0.0000 -0.7152 -0.6989
vn 0.6248 -0.5619 -0.5421
vn 0.9924 0.0011 0.1228
vn 0.7082 0.6911 0.1442
vn 0.6220 0.5935 0.5107
vn 0.7620 0.0004 0.6475
vn 0.6218 -0.5933 0.5113
vn -0.0000 -0.0000 1.0000
vn -0.0000 -0.7487 0.6629
vn -0.0000 0.7489 0.6627
vn 0.7155 -0.6949 0.0726
vn 0.9991 0.0025 0.0416
vn 0.9959 0.0030 0.0902
vn 0.7072 -0.6990 0.1059
vn 0.7082 -0.6907 0.1461
vn 0.7147 0.6956 0.0732
vn 0.7069 0.6997 0.1030
vn -0.0000 -0.9896 0.1436
vn -0.0000 -0.7487 0.6630
vn 0.7708 0.5139 0.3764
vn 0.6234 0.6979 0.3527
vn -0.1360 -0.3063 0.9422
vn 0.1736 0.3510 0.9201
vn -0.3590 0.6201 0.6975
vn -0.7146 -0.0227 0.6991
vn 0.4469 -0.5701 0.6894
vn 0.7175 0.1820 0.6724
vn 0.1737 0.3510 0.9201
vn 0.7352 -0.6776 -0.0201
vn 0.9910 0.1336 -0.0024
vn 0.7175 0.1820 0.6723
vn 0.4469 -0.5700 0.6895
vn 0.4413 -0.5392 -0.7173
vn 0.7069 0.1879 -0.6819
vn 0.9910 0.1336 -0.0025
vn -0.1379 -0.2899 -0.9471
vn 0.1576 0.3527 -0.9224
vn 0.7069 0.1880 -0.6819
vn -0.7079 -0.0268 -0.7058
vn -0.3605 0.6146 -0.7017
vn 0.1575 0.3527 -0.9224
vn -0.9921 0.1254 -0.0084
vn -0.6152 0.7883 -0.0073
vn -0.3605 0.6146 -0.7016
vn -0.7080 -0.0267 -0.7057
vn -0.7146 -0.0226 0.6991
vn -0.3591 0.6202 0.6975
vn -0.6152 0.7884 -0.0072
vn -0.9921 0.1253 -0.0084
vn 0.1624 0.3472 0.9236
vn 0.1906 0.4331 0.8810
vn -0.3157 0.6858 0.6558
vn -0.3785 0.6107 0.6955
vn 0.7146 0.1795 0.6761
vn 0.7141 0.2798 0.6417
vn 0.1907 0.4330 0.8810
vn 0.9918 0.1277 -0.0037
vn 0.9716 0.2366 -0.0026
vn 0.7141 0.2797 0.6417
vn 0.7039 0.1840 -0.6860
vn 0.7048 0.2836 -0.6502
vn 0.9716 0.2366 -0.0027
vn 0.1471 0.3464 -0.9265
vn 0.1762 0.4303 -0.8853
vn 0.7048 0.2836 -0.6503
vn 0.7039 0.1840 -0.6861
vn -0.3802 0.6033 -0.7011
vn -0.3193 0.6773 -0.6628
vn 0.1761 0.4303 -0.8853
vn 0.1470 0.3464 -0.9265
vn -0.6386 0.7695 -0.0077
vn -0.5516 0.8341 -0.0076
vn -0.3802 0.6033 -0.7010
vn -0.3786 0.6107 0.6955
vn -0.3158 0.6858 0.6557
vn -0.6387 0.7694 -0.0077
vn 0.4470 -0.5700 0.6894
vn 0.4414 -0.5392 -0.7173
vn -0.1359 -0.3063 0.9422
vn -0.7146 -0.0226 0.6992
vn -0.1379 -0.2898 -0.9471
vn -0.7079 -0.0266 -0.7058
vn -0.1378 -0.2898 -0.9471
vn 0.7219 0.6569 -0.2176
vn -0.0000 0.9643 -0.2649
vn -0.0000 0.9947 -0.1032
vn 0.7232 0.6887 -0.0523
vn -0.0000 -0.9643 -0.2649
vn 0.7219 -0.6569 -0.2176
vn 0.7232 -0.6887 -0.0525
vn -0.0000 -0.9947 -0.1033
vn 0.9906 -0.0000 -0.1366
vn 0.9986 0.0001 -0.0533
vn 0.7190 0.6928 0.0551
vn -0.0000 0.9957 0.0926
vn -0.0000 0.9955 0.0950
vn -0.0000 -0.9960 0.0895
vn 0.7194 -0.6927 0.0516
vn -0.0000 -0.9955 0.0943
vn 1.0000 0.0018 0.0080
vn 0.9991 0.0003 0.0413
vn 0.7319 -0.6774 0.0742
vn -0.0000 0.9953 0.0966
vn 0.7317 0.6774 0.0752
vn -0.0000 -0.9954 0.0958
vn -0.0000 0.9946 0.1035
vn -0.0000 -0.9944 0.1060
vn -0.0000 0.9898 0.1423
vn 0.7269 0.6836 0.0651
vn -0.0000 0.9955 0.0945
vn -0.0000 -0.9957 0.0926
vn 0.7272 -0.6835 0.0629
vn 0.9997 0.0008 0.0249
vn 0.9938 0.0021 0.1112
vn 0.7083 0.6950 0.1241
vn 0.7086 -0.6942 0.1268
vn -0.0000 -0.9921 0.1258
vn -0.0000 0.9923 0.1238
vn -0.1127 0.7225 0.6821
vn -0.2667 0.6870 0.6760
vn -0.2894 0.5020 0.8150
vn -0.1503 0.5305 0.8342
vn -0.7475 0.5757 -0.3315
vn -0.5925 0.7411 -0.3157
vn -0.4821 0.6406 -0.5977
vn -0.5381 0.5328 -0.6531
vn -0.8146 0.5779 0.0490
vn -0.6501 0.7592 0.0318
vn -0.5779 0.4818 0.6587
vn -0.5238 0.5906 0.6139
vn -0.6234 0.6978 0.3528
vn -0.7708 0.5139 0.3765
vn -0.2585 0.9124 -0.3174
vn -0.2837 0.9589 0.0105
vn -0.2837 0.9589 0.0106
vn -0.2713 0.9037 0.3312
vn -0.5925 0.7411 -0.3158
vn -0.2585 0.9124 -0.3175
vn -0.2450 0.7048 -0.6658
vn -0.6233 0.6979 0.3528
vn -0.5238 0.5907 0.6138
vn -0.2667 0.6870 0.6759
vn -0.6500 0.7593 0.0318
vn -0.6233 0.6979 0.3527
vn -0.2713 0.9037 0.3311
vn -0.2838 0.9588 0.0105
vn 0.2402 0.7609 0.6027
vn 0.4459 0.8951 -0.0080
vn 0.4459 0.8951 -0.0081
vn 0.2461 0.7509 -0.6128
vn 0.1927 0.8013 -0.5664
vn 0.2461 0.7509 -0.6129
vn -0.2051 0.5238 -0.8268
vn -0.2052 0.5237 -0.8268
vn -0.6911 0.4003 -0.6018
vn -0.6667 0.4986 -0.5539
vn -0.6912 0.4002 -0.6017
vn -0.9292 0.3696 -0.0024
vn -0.6668 0.4986 -0.5538
vn -0.6996 0.3990 0.5927
vn -0.6744 0.5016 0.5418
vn -0.8782 0.4784 -0.0040
vn -0.6996 0.3990 0.5928
vn -0.2193 0.5300 0.8191
vn -0.2362 0.6110 0.7555
vn -0.2192 0.5301 0.8191
vn 0.2401 0.7609 0.6028
vn -0.7562 -0.0000 -0.6544
vn -0.6248 0.5619 -0.5421
vn -0.6248 -0.5619 -0.5421
vn -0.9924 0.0011 0.1228
vn -0.7620 0.0004 0.6475
vn -0.6220 0.5935 0.5107
vn -0.7083 0.6910 0.1443
vn -0.6218 -0.5933 0.5113
vn -0.7155 -0.6949 0.0726
vn -0.7071 -0.6991 0.1062
vn -0.9959 0.0030 0.0902
vn -0.9991 0.0025 0.0416
vn -0.7082 -0.6907 0.1461
vn -0.7068 0.6999 0.1029
vn -0.7147 0.6956 0.0733
vn -0.7708 0.5139 0.3764
vn 0.1359 -0.3063 0.9422
vn 0.7146 -0.0227 0.6991
vn 0.3590 0.6201 0.6975
vn -0.1736 0.3510 0.9201
vn -0.4469 -0.5701 0.6894
vn -0.1737 0.3510 0.9201
vn -0.7175 0.1820 0.6724
vn -0.7352 -0.6776 -0.0201
vn -0.7175 0.1820 0.6723
vn -0.9910 0.1336 -0.0024
vn -0.4413 -0.5391 -0.7173
vn -0.9910 0.1336 -0.0025
vn -0.7069 0.1879 -0.6819
vn 0.1379 -0.2898 -0.9471
vn -0.4413 -0.5392 -0.7173
vn -0.7069 0.1880 -0.6819
vn -0.1576 0.3527 -0.9224
vn 0.7079 -0.0268 -0.7058
vn 0.1380 -0.2899 -0.9471
vn -0.1575 0.3527 -0.9224
vn 0.3605 0.6146 -0.7017
vn 0.9921 0.1254 -0.0084
vn 0.7080 -0.0267 -0.7057
vn 0.3605 0.6146 -0.7016
vn 0.6152 0.7884 -0.0073
vn 0.7146 -0.0226 0.6991
vn 0.9921 0.1253 -0.0084
vn 0.6152 0.7883 -0.0072
vn 0.3591 0.6201 0.6975
vn -0.1624 0.3472 0.9236
vn 0.3785 0.6107 0.6955
vn 0.3157 0.6858 0.6558
vn -0.1906 0.4331 0.8810
vn -0.7146 0.1795 0.6761
vn -0.1907 0.4330 0.8810
vn -0.7141 0.2797 0.6418
vn -0.9918 0.1277 -0.0037
vn -0.7141 0.2797 0.6417
vn -0.9716 0.2366 -0.0026
vn -0.7039 0.1840 -0.6860
vn -0.9716 0.2366 -0.0027
vn -0.7048 0.2836 -0.6502
vn -0.1471 0.3464 -0.9265
vn -0.7039 0.1840 -0.6861
vn -0.7048 0.2836 -0.6503
vn -0.1762 0.4303 -0.8853
vn 0.3802 0.6033 -0.7011
vn -0.1470 0.3464 -0.9265
vn -0.1761 0.4303 -0.8853
vn 0.3193 0.6773 -0.6628
vn 0.6387 0.7695 -0.0077
vn 0.3802 0.6033 -0.7010
vn 0.5516 0.8341 -0.0076
vn 0.3786 0.6107 0.6955
vn 0.6387 0.7694 -0.0077
vn 0.3158 0.6858 0.6557
vn -0.7352 -0.6776 -0.0200
vn -0.4469 -0.5700 0.6895
vn 0.7146 -0.0226 0.6992
vn -0.4470 -0.5700 0.6894
vn 0.1359 -0.3062 0.9422
vn 0.7079 -0.0266 -0.7058
vn 0.1378 -0.2898 -0.9471
vn -0.7219 0.6569 -0.2176
vn -0.7232 0.6887 -0.0523
vn -0.7232 -0.6886 -0.0524
vn -0.7219 -0.6569 -0.2176
vn -0.9906 -0.0000 -0.1366
vn -0.9986 0.0001 -0.0533
vn -0.7190 0.6928 0.0551
vn -0.7194 -0.6926 0.0516
vn -1.0000 0.0018 0.0080
vn -0.7319 -0.6774 0.0742
vn -0.9991 0.0003 0.0413
vn -0.7317 0.6774 0.0752
vn -0.7269 0.6836 0.0651
vn -0.7272 -0.6835 0.0629
vn -0.9997 0.0008 0.0249
vn -0.7082 0.6950 0.1241
vn -0.9938 0.0021 0.1112
vn -0.7086 -0.6942 0.1268
vn 0.1127 0.7226 0.6821
vn -0.0000 0.9441 0.3297
vn -0.0000 0.8168 0.5770
vn 0.2666 0.6870 0.6759
vn 0.2585 0.9124 -0.3175
vn -0.0000 0.8222 -0.5692
vn -0.0000 0.9448 -0.3278
vn 0.1218 0.7250 -0.6778
vn -0.1127 0.7226 0.6820
vn -0.1218 0.7251 -0.6778
vt 0.743384 0.460996
vt 0.798561 0.468785
vt 0.816106 0.403770
vt 0.823678 0.465511
vt 0.828666 0.409487
vt 0.818224 0.442208
vt 0.818399 0.316627
vt 0.827686 0.347348
vt 0.823201 0.291066
vt 0.814747 0.351954
vt 0.797324 0.287381
vt 0.742278 0.294835
vt 0.855331 0.501789
vt 0.917314 0.508648
vt 0.867429 0.451917
vt 0.855550 0.253608
vt 0.867339 0.303393
vt 0.917351 0.247148
vt 0.709542 0.308595
vt 0.760257 0.303021
vt 0.710582 0.249136
vt 0.710150 0.446133
vt 0.711473 0.505716
vt 0.761106 0.450132
vt 0.592619 0.561043
vt 0.614691 0.616013
vt 0.614774 0.561624
vt 0.353754 0.332353
vt 0.358127 0.228407
vt 0.345495 0.294830
vt 0.320433 0.628629
vt 0.330379 0.522805
vt 0.309451 0.615146
vt 0.359633 0.835759
vt 0.368331 0.732713
vt 0.352297 0.796686
vt 0.329449 0.235240
vt 0.322197 0.128870
vt 0.315526 0.204694
vt 0.365041 0.532016
vt 0.356218 0.427764
vt 0.354744 0.528454
vt 0.342804 0.739523
vt 0.335612 0.636680
vt 0.329768 0.708730
vt 0.370886 1.005785
vt 0.362367 0.901404
vt 0.359932 0.999060
vt 0.333503 0.113615
vt 0.347327 0.006491
vt 0.324591 0.099697
vt 0.614689 0.132554
vt 0.595667 0.162111
vt 0.582759 0.187978
vt 0.614773 0.188357
vt 0.563698 0.437916
vt 0.588668 0.500826
vt 0.613483 0.500837
vt 0.616703 0.439492
vt 0.560373 0.374795
vt 0.615182 0.374569
vt 0.577833 0.248298
vt 0.563883 0.310231
vt 0.613304 0.307330
vt 0.609045 0.248794
vt 0.685814 0.439901
vt 0.748062 0.440227
vt 0.748004 0.377939
vt 0.684009 0.377711
vt 0.684071 0.372237
vt 0.748085 0.372108
vt 0.748134 0.309718
vt 0.685881 0.310078
vt 0.620421 0.505924
vt 0.681254 0.507880
vt 0.682156 0.444841
vt 0.619017 0.444968
vt 0.616873 0.301808
vt 0.682224 0.304930
vt 0.681299 0.241789
vt 0.618710 0.241435
vt 0.618961 0.372713
vt 0.679814 0.372606
vt 0.681459 0.309830
vt 0.619401 0.310082
vt 0.620807 0.439212
vt 0.681429 0.440046
vt 0.679781 0.377339
vt 0.618960 0.377149
vt 0.524013 0.966363
vt 0.563254 0.945528
vt 0.558783 0.895339
vt 0.515303 0.866091
vt 0.514925 0.875175
vt 0.559002 0.844470
vt 0.563359 0.794452
vt 0.523505 0.775485
vt 0.521817 0.767183
vt 0.564811 0.741358
vt 0.565061 0.691572
vt 0.520540 0.667868
vt 0.529059 0.675160
vt 0.581116 0.673893
vt 0.589116 0.623666
vt 0.543428 0.574474
vt 0.547321 0.536581
vt 0.594277 0.531794
vt 0.592900 0.481400
vt 0.543282 0.435908
vt 0.545030 0.322180
vt 0.594792 0.277996
vt 0.595338 0.227580
vt 0.546782 0.221572
vt 0.545111 0.180300
vt 0.592761 0.131742
vt 0.586087 0.081460
vt 0.533377 0.079401
vt 0.522665 0.079554
vt 0.569211 0.054721
vt 0.571089 0.003806
vt 0.528703 -0.022473
vt 0.499999 0.625000
vt 0.625000 0.625000
vt 0.625000 0.500000
vt 0.500000 0.500000
vt 0.375000 0.625000
vt 0.375000 0.500000
vt 0.499987 0.296870
vt 0.624508 0.296399
vt 0.625000 0.250000
vt 0.500000 0.250000
vt 0.375000 0.250000
vt 0.499999 0.125001
vt 0.375000 0.125000
vt 0.625000 0.125000
vt 0.375000 0.371655
vt 0.500000 0.371655
vt 0.499995 0.350699
vt 0.374892 0.351051
vt 0.375509 0.296405
vt 0.625000 0.371654
vt 0.625125 0.351050
vt 0.251195 0.296988
vt 0.250000 0.250000
vt 0.568756 0.310005
vt 0.613761 0.311185
vt 0.361393 0.151969
vt 0.394488 0.134493
vt 0.416973 -0.069582
vt 0.391251 -0.084665
vt 0.368765 0.321222
vt 0.406279 0.287394
vt 0.390048 0.084974
vt 0.352827 0.086250
vt 0.374078 0.439931
vt 0.407868 0.411176
vt 0.414898 0.212335
vt 0.383534 0.210262
vt 0.392171 0.546119
vt 0.421376 0.545364
vt 0.406877 0.346072
vt 0.372996 0.315763
vt 0.352895 0.668971
vt 0.388714 0.669839
vt 0.410120 0.468289
vt 0.374824 0.435200
vt 0.382684 0.828415
vt 0.409010 0.813368
vt 0.398329 0.616739
vt 0.367366 0.601204
vt 0.384406 0.948514
vt 0.404840 0.929051
vt 0.421523 0.731921
vt 0.403639 0.720896
vt 0.405852 1.024160
vt 0.423386 1.012005
vt 0.406886 0.812686
vt 0.386997 0.793585
vt 0.426654 0.122478
vt 0.472107 0.104030
vt 0.483923 -0.046705
vt 0.444564 -0.061328
vt 0.441989 0.264166
vt 0.491728 0.228319
vt 0.476500 0.079075
vt 0.425800 0.081981
vt 0.442188 0.393306
vt 0.490613 0.364379
vt 0.494234 0.216373
vt 0.447661 0.213671
vt 0.452502 0.543855
vt 0.496884 0.541146
vt 0.489083 0.392982
vt 0.440956 0.363898
vt 0.423600 0.672498
vt 0.473174 0.675157
vt 0.492264 0.526356
vt 0.444469 0.491000
vt 0.436776 0.805283
vt 0.476461 0.790951
vt 0.472317 0.644799
vt 0.428987 0.627738
vt 0.431125 0.919816
vt 0.469254 0.903151
vt 0.481870 0.756540
vt 0.446226 0.741741
vt 0.447784 1.002030
vt 0.482969 0.986708
vt 0.470286 0.838942
vt 0.432748 0.822209
vt 0.381637 0.440344
vt 0.391282 0.210774
vt 0.399235 0.544343
vt 0.379765 0.314097
vt 0.367117 0.152288
vt 0.397400 -0.084314
vt 0.377682 0.320800
vt 0.361696 0.085862
vt 0.361055 0.669208
vt 0.383008 0.435474
vt 0.388466 0.828332
vt 0.372785 0.601174
vt 0.624095 0.480790
vt 0.748806 0.480862
vt 0.750000 0.445492
vt 0.625000 0.445492
vt 0.251194 0.480862
vt 0.375904 0.480790
vt 0.375000 0.445492
vt 0.250000 0.445492
vt 0.500000 0.480834
vt 0.500000 0.445492
vt 0.625000 0.395655
vt 0.750000 0.396371
vt 0.750000 0.371654
vt 0.250000 0.396388
vt 0.375000 0.395662
vt 0.250000 0.371654
vt 0.500000 0.396323
vt 0.500000 0.423880
vt 0.375000 0.424586
vt 0.750000 0.424007
vt 0.625000 0.424586
vt 0.250000 0.424006
vt 0.250000 0.500000
vt 0.750000 0.500000
vt 0.750653 0.350739
vt 0.249324 0.350738
vt 0.748848 0.296983
vt 0.750000 0.250000
vt 0.624890 0.410048
vt 0.750000 0.410048
vt 0.250000 0.410048
vt 0.375085 0.410048
vt 0.500000 0.410048
vt 0.500002 0.333260
vt 0.625197 0.333260
vt 0.374765 0.333261
vt 0.250428 0.333260
vt 0.749556 0.333260
vt 0.741778 0.243134
vt 0.748435 0.304010
vt 0.748519 0.246599
vt 0.685608 0.304253
vt 0.686199 0.243731
vt 0.685554 0.445601
vt 0.748475 0.503304
vt 0.748387 0.445935
vt 0.740309 0.506753
vt 0.686161 0.506187
s 1
usemtl hAIR
f 490/261/452 491/262/453 492/263/454
f 493/264/455 494/265/456 495/266/457
f 496/267/458 497/268/459 498/269/460
f 499/270/458 500/271/461 501/272/462
f 502/273/463 503/274/455 504/275/457
f 505/276/464 506/277/465 507/278/466
f 508/279/467 509/280/468 510/281/469
f 511/282/470 512/283/471 513/284/454
f 514/285/472 515/286/473 516/287/474
f 517/288/475 518/289/476 519/290/477
f 520/291/478 521/292/479 522/293/477
f 523/294/480 524/295/481 525/296/477
f 526/297/482 527/298/483 528/299/477
f 529/300/484 530/301/485 531/302/477
f 532/303/486 533/304/478 534/305/477
f 535/306/487 536/307/488 537/308/477
f 538/309/483 539/310/489 540/311/477
f 541/261/490 542/263/491 543/262/492
f 544/264/493 545/266/494 546/265/495
f 547/267/496 548/269/497 549/268/498
f 550/270/499 551/272/500 552/271/501
f 553/273/502 554/275/491 555/274/493
f 556/276/503 557/278/504 558/277/505
f 559/279/506 560/281/507 561/280/508
f 562/282/509 563/284/508 564/283/510
f 565/285/511 566/287/512 567/286/513
f 568/288/514 569/290/515 570/289/516
f 571/291/517 572/293/515 573/292/518
f 574/294/519 575/296/515 576/295/520
f 577/297/521 578/299/515 579/298/522
f 580/300/523 581/302/515 582/301/524
f 583/303/525 584/305/515 585/304/517
f 586/306/526 587/308/515 588/307/527
f 589/309/522 590/311/515 591/310/528
f 592/312/529 593/313/530 594/314/531
f 592/312/529 594/314/531 595/315/532
f 596/316/533 597/317/534 598/318/535
f 596/316/533 598/318/535 599/319/536
f 597/317/534 514/285/472 516/287/474
f 597/317/534 516/287/474 598/318/535
f 600/320/537 596/316/533 599/319/536
f 600/320/537 599/319/536 601/321/538
f 602/322/539 603/323/540 604/324/541
f 602/322/539 604/324/541 605/325/542
f 594/314/531 602/322/539 605/325/542
f 594/314/531 605/325/542 595/315/532
f 606/326/543 607/327/544 608/328/545
f 606/326/543 608/328/545 609/329/546
f 610/330/546 611/331/547 612/332/548
f 610/330/546 612/332/548 613/333/549
f 614/334/535 615/335/550 616/336/543
f 614/334/535 616/336/543 617/337/551
f 618/338/552 619/339/553 620/340/554
f 618/338/552 620/340/554 621/341/555
f 622/342/556 623/343/557 624/344/558
f 622/342/556 624/344/558 625/345/552
f 626/346/536 627/347/543 628/348/559
f 626/346/536 628/348/559 629/349/556
f 630/350/560 631/351/460 632/352/459
f 630/350/560 632/352/459 633/353/561
f 634/354/562 635/355/456 636/356/563
f 634/354/562 636/356/563 637/357/564
f 638/358/565 639/359/455 640/360/463
f 638/358/565 640/360/463 641/361/566
f 642/362/567 643/363/453 644/364/452
f 642/362/567 644/364/452 645/365/568
f 646/366/569 647/367/471 648/368/570
f 646/366/569 648/368/570 649/369/571
f 650/370/571 651/371/572 652/372/573
f 650/370/571 652/372/573 653/373/574
f 654/374/575 655/375/462 656/376/576
f 654/374/575 656/376/576 657/377/577
f 658/378/578 659/379/461 660/380/466
f 658/378/578 660/380/466 661/381/579
f 662/382/580 663/383/581 664/384/582
f 662/382/580 664/384/582 665/385/583
f 666/386/584 662/382/580 665/385/583
f 666/386/584 665/385/583 667/387/585
f 668/388/586 669/389/587 670/390/588
f 668/388/586 670/390/588 671/391/589
f 672/392/590 671/391/589 673/393/591
f 672/392/590 673/393/591 674/394/592
f 671/391/589 670/390/588 675/395/593
f 671/391/589 675/395/593 673/393/591
f 676/396/594 677/397/595 678/398/596
f 676/396/594 678/398/596 679/399/597
f 680/400/598 668/388/586 671/391/589
f 680/400/598 671/391/589 672/392/590
f 677/397/595 681/401/599 682/402/600
f 677/397/595 682/402/600 678/398/596
f 683/403/601 680/400/598 672/392/590
f 683/403/601 672/392/590 684/404/602
f 685/405/603 600/320/537 601/321/538
f 685/405/603 601/321/538 686/406/604
f 687/407/605 688/408/606 689/409/607
f 687/407/605 689/409/607 690/410/608
f 691/411/609 692/412/610 693/413/611
f 691/411/609 693/413/611 694/414/605
f 695/415/612 696/416/613 697/417/614
f 695/415/612 697/417/614 698/418/615
f 699/419/616 700/420/617 701/421/618
f 699/419/616 701/421/618 702/422/612
f 703/423/619 704/424/620 705/425/621
f 703/423/619 705/425/621 706/426/616
f 707/427/622 708/428/623 709/429/624
f 707/427/622 709/429/624 710/430/619
f 711/431/625 712/432/626 713/433/627
f 711/431/625 713/433/627 714/434/628
f 715/435/629 716/436/630 717/437/631
f 715/435/629 717/437/631 718/438/632
f 719/439/633 720/440/634 721/441/635
f 719/439/633 721/441/635 722/442/636
f 723/443/637 724/444/638 725/445/639
f 723/443/637 725/445/639 726/446/633
f 727/447/640 728/448/641 729/449/642
f 727/447/640 729/449/642 730/450/637
f 731/451/643 732/452/644 733/453/645
f 731/451/643 733/453/645 734/454/640
f 735/455/646 736/456/647 737/457/648
f 735/455/646 737/457/648 738/458/649
f 739/459/650 740/460/651 741/461/652
f 739/459/650 741/461/652 742/462/653
f 743/463/654 744/464/655 745/465/651
f 743/463/654 745/465/651 746/466/656
f 747/467/657 748/468/658 749/469/655
f 747/467/657 749/469/655 750/470/659
f 751/471/612 752/472/660 518/289/476
f 751/471/612 518/289/476 517/288/475
f 753/473/661 754/474/612 530/301/485
f 753/473/661 530/301/485 529/300/484
f 711/431/625 714/434/628 524/295/481
f 711/431/625 524/295/481 523/294/480
f 755/475/662 756/476/663 539/310/489
f 755/475/662 539/310/489 538/309/483
f 715/435/629 718/438/632 536/307/488
f 715/435/629 536/307/488 535/306/487
f 757/477/660 758/478/662 527/298/483
f 757/477/660 527/298/483 526/297/482
f 759/479/664 760/480/661 521/292/479
f 759/479/664 521/292/479 520/291/478
f 761/481/665 762/482/666 533/304/478
f 761/481/665 533/304/478 532/303/486
f 763/483/667 764/484/668 765/485/669
f 763/483/667 765/485/669 766/486/670
f 767/487/671 768/488/672 769/489/673
f 767/487/671 769/489/673 770/490/674
f 771/491/675 763/483/667 766/486/670
f 771/491/675 766/486/670 772/492/676
f 768/488/672 771/491/675 772/492/676
f 768/488/672 772/492/676 769/489/673
f 773/493/677 774/494/678 775/495/679
f 773/493/677 775/495/679 681/401/599
f 776/496/680 777/497/681 676/396/594
f 776/496/680 676/396/594 778/498/682
f 779/499/683 773/493/677 681/401/599
f 779/499/683 681/401/599 677/397/595
f 777/497/681 779/499/683 677/397/595
f 777/497/681 677/397/595 676/396/594
f 769/489/673 772/492/676 780/500/684
f 769/489/673 780/500/684 781/501/685
f 766/486/670 765/485/669 782/502/686
f 766/486/670 782/502/686 783/503/687
f 770/490/674 769/489/673 781/501/685
f 770/490/674 781/501/685 784/504/688
f 667/387/585 665/385/583 771/491/675
f 667/387/585 771/491/675 768/488/672
f 665/385/583 664/384/582 763/483/667
f 665/385/583 763/483/667 771/491/675
f 785/505/584 667/387/585 768/488/672
f 785/505/584 768/488/672 767/487/671
f 664/384/582 786/506/581 764/484/668
f 664/384/582 764/484/668 763/483/667
f 681/401/599 775/495/679 787/507/689
f 681/401/599 787/507/689 682/402/600
f 778/498/682 676/396/594 679/399/597
f 778/498/682 679/399/597 788/508/690
f 669/389/587 789/509/691 790/510/593
f 669/389/587 790/510/593 670/390/588
f 774/494/678 773/493/677 791/511/692
f 774/494/678 791/511/692 792/512/693
f 792/512/693 791/511/692 783/503/687
f 792/512/693 783/503/687 782/502/686
f 777/497/681 776/496/680 793/513/694
f 777/497/681 793/513/694 794/514/695
f 794/514/695 793/513/694 784/504/688
f 794/514/695 784/504/688 781/501/685
f 773/493/677 779/499/683 795/515/696
f 773/493/677 795/515/696 791/511/692
f 791/511/692 795/515/696 780/500/684
f 791/511/692 780/500/684 783/503/687
f 779/499/683 777/497/681 794/514/695
f 779/499/683 794/514/695 795/515/696
f 795/515/696 794/514/695 781/501/685
f 795/515/696 781/501/685 780/500/684
f 772/492/676 766/486/670 783/503/687
f 772/492/676 783/503/687 780/500/684
f 669/389/587 668/388/586 796/516/697
f 669/389/587 796/516/697 797/517/698
f 797/517/698 796/516/697 678/398/596
f 797/517/698 678/398/596 682/402/600
f 679/399/597 678/398/596 796/516/697
f 679/399/597 796/516/697 798/518/699
f 798/518/699 796/516/697 668/388/586
f 798/518/699 668/388/586 680/400/598
f 680/400/598 683/403/601 799/519/700
f 680/400/598 799/519/700 798/518/699
f 798/518/699 799/519/700 788/508/690
f 798/518/699 788/508/690 679/399/597
f 682/402/600 787/507/689 800/520/701
f 682/402/600 800/520/701 797/517/698
f 797/517/698 800/520/701 789/509/691
f 797/517/698 789/509/691 669/389/587
f 720/440/634 658/378/578 661/381/579
f 720/440/634 661/381/579 721/441/635
f 724/444/638 654/374/575 657/377/577
f 724/444/638 657/377/577 725/445/639
f 728/448/641 650/370/571 653/373/574
f 728/448/641 653/373/574 729/449/642
f 732/452/644 646/366/569 649/369/571
f 732/452/644 649/369/571 733/453/645
f 736/456/647 642/362/567 645/365/568
f 736/456/647 645/365/568 737/457/648
f 740/460/651 638/358/565 641/361/566
f 740/460/651 641/361/566 741/461/652
f 744/464/655 634/354/562 637/357/564
f 744/464/655 637/357/564 745/465/651
f 748/468/658 630/350/560 633/353/561
f 748/468/658 633/353/561 749/469/655
f 716/436/630 747/467/657 750/470/659
f 716/436/630 750/470/659 717/437/631
f 712/432/626 743/463/654 746/466/656
f 712/432/626 746/466/656 713/433/627
f 708/428/623 739/459/650 742/462/653
f 708/428/623 742/462/653 709/429/624
f 704/424/620 735/455/646 738/458/649
f 704/424/620 738/458/649 705/425/621
f 700/420/617 731/451/643 734/454/640
f 700/420/617 734/454/640 701/421/618
f 696/416/613 727/447/640 730/450/637
f 696/416/613 730/450/637 697/417/614
f 692/412/610 723/443/637 726/446/633
f 692/412/610 726/446/633 693/413/611
f 688/408/606 719/439/633 722/442/636
f 688/408/606 722/442/636 689/409/607
f 801/312/702 802/315/703 803/314/704
f 801/312/702 803/314/704 804/313/705
f 805/316/706 806/319/707 807/318/708
f 805/316/706 807/318/708 808/317/709
f 808/317/709 807/318/708 566/287/512
f 808/317/709 566/287/512 565/285/511
f 809/320/710 810/321/711 806/319/707
f 809/320/710 806/319/707 805/316/706
f 811/322/712 812/325/713 813/324/714
f 811/322/712 813/324/714 814/323/715
f 803/314/704 802/315/703 812/325/713
f 803/314/704 812/325/713 811/322/712
f 815/326/716 816/329/717 608/328/545
f 815/326/716 608/328/545 607/327/544
f 817/330/718 818/333/719 612/332/548
f 817/330/718 612/332/548 611/331/547
f 819/334/708 820/337/720 821/336/721
f 819/334/708 821/336/721 822/335/722
f 823/338/723 824/341/724 825/340/725
f 823/338/723 825/340/725 826/339/719
f 827/342/726 828/345/727 829/344/728
f 827/342/726 829/344/728 830/343/729
f 831/346/707 832/349/726 833/348/729
f 831/346/707 833/348/729 834/347/716
f 835/350/730 836/353/731 837/352/498
f 835/350/730 837/352/498 838/351/497
f 839/354/732 840/357/733 841/356/734
f 839/354/732 841/356/734 842/355/495
f 843/358/735 844/361/736 845/360/502
f 843/358/735 845/360/502 846/359/493
f 847/362/737 848/365/738 849/364/739
f 847/362/737 849/364/739 850/363/492
f 851/366/740 852/369/741 853/368/509
f 851/366/740 853/368/509 854/367/742
f 855/370/741 856/373/743 857/372/744
f 855/370/741 857/372/744 858/371/745
f 859/374/746 860/377/747 861/376/748
f 859/374/746 861/376/748 862/375/500
f 863/378/749 864/381/750 865/380/504
f 863/378/749 865/380/504 866/379/501
f 662/382/580 867/385/751 868/384/752
f 662/382/580 868/384/752 663/383/581
f 666/386/584 869/387/753 867/385/751
f 666/386/584 867/385/751 662/382/580
f 870/388/754 871/391/755 872/390/756
f 870/388/754 872/390/756 873/389/757
f 874/392/758 674/394/592 673/393/591
f 874/392/758 673/393/591 871/391/755
f 871/391/755 673/393/591 675/395/593
f 871/391/755 675/395/593 872/390/756
f 875/396/759 876/399/760 877/398/761
f 875/396/759 877/398/761 878/397/762
f 879/400/763 874/392/758 871/391/755
f 879/400/763 871/391/755 870/388/754
f 878/397/762 877/398/761 880/402/764
f 878/397/762 880/402/764 881/401/765
f 683/403/601 684/404/602 874/392/758
f 683/403/601 874/392/758 879/400/763
f 882/405/766 883/406/714 810/321/711
f 882/405/766 810/321/711 809/320/710
f 884/407/767 885/410/768 886/409/769
f 884/407/767 886/409/769 887/408/770
f 888/411/771 889/414/767 890/413/772
f 888/411/771 890/413/772 891/412/773
f 892/415/774 893/418/771 894/417/775
f 892/415/774 894/417/775 895/416/776
f 896/419/777 897/422/774 898/421/778
f 896/419/777 898/421/778 899/420/779
f 900/423/780 901/426/781 902/425/782
f 900/423/780 902/425/782 903/424/783
f 904/427/784 905/430/785 906/429/786
f 904/427/784 906/429/786 907/428/787
f 908/431/788 909/434/789 910/433/790
f 908/431/788 910/433/790 911/432/791
f 912/435/792 913/438/793 914/437/794
f 912/435/792 914/437/794 915/436/795
f 916/439/796 917/442/797 918/441/798
f 916/439/796 918/441/798 919/440/799
f 920/443/800 921/446/796 922/445/801
f 920/443/800 922/445/801 923/444/802
f 924/447/803 925/450/800 926/449/804
f 924/447/803 926/449/804 927/448/805
f 928/451/806 929/454/803 930/453/807
f 928/451/806 930/453/807 931/452/808
f 932/455/809 933/458/810 934/457/811
f 932/455/809 934/457/811 935/456/812
f 936/459/813 937/462/814 938/461/815
f 936/459/813 938/461/815 939/460/816
f 940/463/817 941/466/818 942/465/816
f 940/463/817 942/465/816 943/464/819
f 944/467/820 945/470/821 946/469/819
f 944/467/820 946/469/819 947/468/822
f 948/471/823 568/288/514 570/289/516
f 948/471/823 570/289/516 949/472/824
f 950/473/781 580/300/523 582/301/524
f 950/473/781 582/301/524 951/474/823
f 908/431/788 574/294/519 576/295/520
f 908/431/788 576/295/520 909/434/789
f 952/475/767 589/309/522 591/310/528
f 952/475/767 591/310/528 953/476/825
f 912/435/792 586/306/526 588/307/527
f 912/435/792 588/307/527 913/438/793
f 954/477/826 577/297/521 579/298/522
f 954/477/826 579/298/522 955/478/827
f 956/479/780 571/291/517 573/292/518
f 956/479/780 573/292/518 957/480/781
f 958/481/828 583/303/525 585/304/517
f 958/481/828 585/304/517 959/482/829
f 960/483/830 961/486/831 765/485/669
f 960/483/830 765/485/669 764/484/668
f 767/487/671 770/490/674 962/489/832
f 767/487/671 962/489/832 963/488/833
f 964/491/834 965/492/835 961/486/831
f 964/491/834 961/486/831 960/483/830
f 963/488/833 962/489/832 965/492/835
f 963/488/833 965/492/835 964/491/834
f 966/493/836 881/401/765 775/495/679
f 966/493/836 775/495/679 774/494/678
f 776/496/680 778/498/682 875/396/759
f 776/496/680 875/396/759 967/497/837
f 968/499/838 878/397/762 881/401/765
f 968/499/838 881/401/765 966/493/836
f 967/497/837 875/396/759 878/397/762
f 967/497/837 878/397/762 968/499/838
f 962/489/832 969/501/839 970/500/840
f 962/489/832 970/500/840 965/492/835
f 961/486/831 971/503/841 782/502/686
f 961/486/831 782/502/686 765/485/669
f 770/490/674 784/504/688 969/501/839
f 770/490/674 969/501/839 962/489/832
f 869/387/753 963/488/833 964/491/834
f 869/387/753 964/491/834 867/385/751
f 867/385/751 964/491/834 960/483/830
f 867/385/751 960/483/830 868/384/752
f 785/505/584 767/487/671 963/488/833
f 785/505/584 963/488/833 869/387/753
f 868/384/752 960/483/830 764/484/668
f 868/384/752 764/484/668 786/506/581
f 881/401/765 880/402/764 787/507/689
f 881/401/765 787/507/689 775/495/679
f 778/498/682 788/508/690 876/399/760
f 778/498/682 876/399/760 875/396/759
f 873/389/757 872/390/756 790/510/593
f 873/389/757 790/510/593 789/509/691
f 774/494/678 792/512/693 972/511/842
f 774/494/678 972/511/842 966/493/836
f 792/512/693 782/502/686 971/503/841
f 792/512/693 971/503/841 972/511/842
f 967/497/837 973/514/843 793/513/694
f 967/497/837 793/513/694 776/496/680
f 973/514/843 969/501/839 784/504/688
f 973/514/843 784/504/688 793/513/694
f 966/493/836 972/511/842 974/515/844
f 966/493/836 974/515/844 968/499/838
f 972/511/842 971/503/841 970/500/840
f 972/511/842 970/500/840 974/515/844
f 968/499/838 974/515/844 973/514/843
f 968/499/838 973/514/843 967/497/837
f 974/515/844 970/500/840 969/501/839
f 974/515/844 969/501/839 973/514/843
f 965/492/835 970/500/840 971/503/841
f 965/492/835 971/503/841 961/486/831
f 873/389/757 975/517/845 976/516/846
f 873/389/757 976/516/846 870/388/754
f 975/517/845 880/402/764 877/398/761
f 975/517/845 877/398/761 976/516/846
f 876/399/760 977/518/847 976/516/846
f 876/399/760 976/516/846 877/398/761
f 977/518/847 879/400/763 870/388/754
f 977/518/847 870/388/754 976/516/846
f 879/400/763 977/518/847 799/519/700
f 879/400/763 799/519/700 683/403/601
f 977/518/847 876/399/760 788/508/690
f 977/518/847 788/508/690 799/519/700
f 880/402/764 975/517/845 800/520/701
f 880/402/764 800/520/701 787/507/689
f 975/517/845 873/389/757 789/509/691
f 975/517/845 789/509/691 800/520/701
f 919/440/799 918/441/798 864/381/750
f 919/440/799 864/381/750 863/378/749
f 923/444/802 922/445/801 860/377/747
f 923/444/802 860/377/747 859/374/746
f 927/448/805 926/449/804 856/373/743
f 927/448/805 856/373/743 855/370/741
f 931/452/808 930/453/807 852/369/741
f 931/452/808 852/369/741 851/366/740
f 935/456/812 934/457/811 848/365/738
f 935/456/812 848/365/738 847/362/737
f 939/460/816 938/461/815 844/361/736
f 939/460/816 844/361/736 843/358/735
f 943/464/819 942/465/816 840/357/733
f 943/464/819 840/357/733 839/354/732
f 947/468/822 946/469/819 836/353/731
f 947/468/822 836/353/731 835/350/730
f 915/436/795 914/437/794 945/470/821
f 915/436/795 945/470/821 944/467/820
f 911/432/791 910/433/790 941/466/818
f 911/432/791 941/466/818 940/463/817
f 907/428/787 906/429/786 937/462/814
f 907/428/787 937/462/814 936/459/813
f 903/424/783 902/425/782 933/458/810
f 903/424/783 933/458/810 932/455/809
f 899/420/779 898/421/778 929/454/803
f 899/420/779 929/454/803 928/451/806
f 895/416/776 894/417/775 925/450/800
f 895/416/776 925/450/800 924/447/803
f 891/412/773 890/413/772 921/446/796
f 891/412/773 921/446/796 920/443/800
f 887/408/770 886/409/769 917/442/797
f 887/408/770 917/442/797 916/439/796
f 981/521/848 979/522/849 980/523/850
f 979/522/849 981/521/848 978/524/553
f 978/524/553 981/521/848 982/525/851
f 987/526/852 985/527/853 986/528/854
f 985/527/853 987/526/852 984/529/855
f 984/529/855 987/526/852 983/530/550
f 989/525/725 979/522/849 988/524/719
f 979/522/849 989/525/725 990/521/856
f 979/522/849 990/521/856 980/523/850
f 986/528/854 991/530/722 992/526/716
f 991/530/722 986/528/854 993/529/857
f 993/529/857 986/528/854 985/527/853
o Hachiware_Material.002_0
v 0.011185 0.502486 -0.143039
v 0.000000 0.500015 -0.146467
v 0.000000 0.505609 -0.140380
v 0.000000 0.499002 0.147139
v 0.009234 0.502657 0.143237
v 0.000000 0.505609 0.140380
v -0.011185 0.502486 -0.143039
v -0.009234 0.502657 0.143237
v -0.000000 0.445826 0.194188
v -0.000000 0.505098 0.155066
v 0.046654 0.480101 0.164113
v 0.167647 0.577918 -0.011808
v 0.156005 0.599238 0.001837
v 0.151309 0.583313 -0.018134
v 0.135220 0.589743 -0.011826
v 0.156005 0.599238 0.001837
v 0.129346 0.592557 0.002105
v 0.156005 0.599238 0.001837
v 0.135203 0.589950 0.016167
v 0.129346 0.592557 0.002105
v 0.156005 0.599238 0.001837
v 0.167737 0.577991 0.015881
v 0.151369 0.583530 0.022465
v 0.151309 0.583313 -0.018134
v 0.156005 0.599238 0.001837
v 0.135220 0.589743 -0.011826
v 0.151369 0.583530 0.022465
v 0.135203 0.589950 0.016167
v 0.156005 0.599238 0.001837
v 0.173862 0.576223 0.001952
v 0.167737 0.577991 0.015881
v 0.156005 0.599238 0.001837
v 0.173862 0.576223 0.001952
v 0.156005 0.599238 0.001837
v 0.167647 0.577918 -0.011808
v 0.012403 0.509736 -0.149817
v -0.000000 0.513831 -0.146072
v -0.000000 0.506302 -0.154243
v 0.000000 0.513777 0.146150
v 0.010361 0.509883 0.150058
v 0.091032 0.479846 -0.157067
v 0.087757 0.503023 -0.142168
v 0.012403 0.509736 -0.149817
v 0.149493 0.470066 0.002191
v 0.117397 0.486327 0.002654
v 0.141284 0.473867 0.019923
v 0.117430 0.486938 -0.023454
v 0.117397 0.486327 0.002654
v 0.141255 0.474880 -0.014965
v 0.085327 0.502218 0.002627
v 0.117397 0.486327 0.002654
v 0.093662 0.498305 -0.014608
v 0.141284 0.473867 0.019923
v 0.117397 0.486327 0.002654
v 0.117303 0.486124 0.029248
v 0.141255 0.474880 -0.014965
v 0.117397 0.486327 0.002654
v 0.149493 0.470066 0.002191
v 0.093662 0.498305 -0.014608
v 0.117397 0.486327 0.002654
v 0.117430 0.486938 -0.023454
v 0.093411 0.498265 0.020253
v 0.117397 0.486327 0.002654
v 0.085327 0.502218 0.002627
v 0.117303 0.486124 0.029248
v 0.117397 0.486327 0.002654
v 0.093411 0.498265 0.020253
v -0.046654 0.480101 0.164113
v -0.167647 0.577918 -0.011808
v -0.151309 0.583313 -0.018134
v -0.156005 0.599238 0.001837
v -0.135220 0.589743 -0.011826
v -0.129346 0.592557 0.002105
v -0.156005 0.599238 0.001837
v -0.156005 0.599238 0.001837
v -0.129346 0.592557 0.002105
v -0.135203 0.589950 0.016167
v -0.156005 0.599238 0.001837
v -0.151369 0.583530 0.022465
v -0.167737 0.577991 0.015881
v -0.151309 0.583313 -0.018134
v -0.135220 0.589743 -0.011826
v -0.156005 0.599238 0.001837
v -0.151369 0.583530 0.022465
v -0.156005 0.599238 0.001837
v -0.135203 0.589950 0.016167
v -0.173862 0.576223 0.001952
v -0.156005 0.599238 0.001837
v -0.167737 0.577991 0.015881
v -0.173862 0.576223 0.001952
v -0.167647 0.577918 -0.011808
v -0.156005 0.599238 0.001837
v -0.012403 0.509736 -0.149817
v -0.010361 0.509883 0.150058
v -0.091032 0.479846 -0.157067
v -0.012403 0.509736 -0.149817
v -0.087757 0.503023 -0.142168
v -0.149493 0.470066 0.002191
v -0.141284 0.473867 0.019923
v -0.117397 0.486327 0.002654
v -0.117430 0.486938 -0.023454
v -0.141255 0.474880 -0.014965
v -0.117397 0.486327 0.002654
v -0.085327 0.502218 0.002627
v -0.093662 0.498305 -0.014608
v -0.117397 0.486327 0.002654
v -0.141284 0.473867 0.019923
v -0.117303 0.486124 0.029248
v -0.117397 0.486327 0.002654
v -0.141255 0.474880 -0.014965
v -0.149493 0.470066 0.002191
v -0.117397 0.486327 0.002654
v -0.093662 0.498305 -0.014608
v -0.117430 0.486938 -0.023454
v -0.117397 0.486327 0.002654
v -0.093411 0.498265 0.020253
v -0.085327 0.502218 0.002627
v -0.117397 0.486327 0.002654
v -0.117303 0.486124 0.029248
v -0.093411 0.498265 0.020253
v -0.117397 0.486327 0.002654
v 0.088737 0.457295 0.158079
v 0.157701 0.441754 0.129706
v 0.154503 0.449670 0.127076
v 0.088049 0.464398 0.153550
v 0.045181 0.474631 0.155872
v 0.050890 0.480200 0.151281
v 0.009234 0.502657 0.143237
v 0.200251 0.437752 0.074273
v 0.222227 0.437796 0.000160
v 0.216886 0.445419 0.000489
v 0.195233 0.445496 0.074004
v 0.200251 0.437752 0.074273
v 0.195233 0.445496 0.074004
v 0.209427 0.439513 -0.074756
v 0.203723 0.446892 -0.074170
v 0.156492 0.453326 -0.128712
v 0.152969 0.460935 -0.125814
v 0.089132 0.467374 -0.153627
v 0.000000 0.500015 -0.146467
v 0.011185 0.502486 -0.143039
v 0.088428 0.474554 -0.148991
v -0.088737 0.457295 0.158079
v -0.088049 0.464398 0.153550
v -0.154503 0.449670 0.127076
v -0.157701 0.441754 0.129706
v -0.009234 0.502657 0.143237
v -0.050890 0.480200 0.151281
v -0.045181 0.474631 0.155872
v -0.200251 0.437752 0.074273
v -0.195233 0.445496 0.074004
v -0.216886 0.445419 0.000489
v -0.222227 0.437796 0.000160
v -0.195233 0.445496 0.074004
v -0.200251 0.437752 0.074273
v -0.203723 0.446892 -0.074170
v -0.209427 0.439513 -0.074756
v -0.152969 0.460935 -0.125814
v -0.156492 0.453326 -0.128712
v -0.089132 0.467374 -0.153627
v -0.088428 0.474554 -0.148991
v -0.011185 0.502486 -0.143039
v 0.000000 0.286158 -0.194247
v 0.093778 0.290488 -0.181355
v 0.098843 0.367036 -0.194444
v 0.000000 0.366572 -0.208560
v 0.093737 0.442388 -0.181319
v 0.000000 0.445796 -0.194200
v 0.010361 0.509883 0.150058
v 0.087974 0.502845 0.142269
v 0.090943 0.469418 0.161700
v 0.052393 0.485504 0.159624
v 0.211198 0.452649 -0.077484
v 0.170683 0.504712 -0.073321
v 0.148605 0.487181 -0.124237
v 0.158351 0.466263 -0.132345
v 0.181756 0.367938 -0.151805
v 0.170895 0.438651 -0.142737
v 0.170799 0.295537 -0.142698
v 0.087979 0.226899 -0.142314
v 0.148808 0.245008 -0.124364
v 0.000000 0.217891 -0.151236
v 0.217924 0.289547 -0.078797
v 0.233754 0.275923 -0.000345
v 0.251415 0.352330 -0.000016
v 0.233949 0.365778 -0.082897
v 0.237485 0.421891 0.000275
v 0.222434 0.422770 -0.079675
v 0.217781 0.273221 0.078490
v 0.233940 0.342898 0.082906
v 0.218289 0.426407 0.078684
v 0.170688 0.226734 -0.073700
v 0.225032 0.451198 0.000979
v 0.182744 0.511019 0.003307
v 0.160281 0.454488 0.133663
v 0.149022 0.482102 0.124399
v 0.170829 0.499758 0.075885
v 0.202941 0.450635 0.077768
v 0.218289 0.426407 0.078684
v 0.208149 0.442565 0.078075
v 0.231129 0.442333 0.000573
v 0.181744 0.351981 0.151814
v 0.171055 0.427601 0.142537
v 0.170477 0.284320 0.142797
v 0.170343 0.222275 0.073421
v 0.148294 0.240624 0.124373
v 0.217781 0.273221 0.078490
v 0.181445 0.216146 -0.000289
v 0.093603 0.289856 0.181399
v 0.000000 0.286150 0.194244
v 0.000000 0.366580 0.208560
v 0.098851 0.365441 0.194441
v 0.093961 0.441762 0.181208
v 0.087759 0.226829 0.142326
v 0.091719 0.462565 0.166037
v 0.000000 0.217884 0.151228
v 0.000000 0.174754 -0.082368
v 0.000000 0.160335 -0.000000
v 0.098788 0.174613 -0.000064
v 0.093773 0.187796 -0.078228
v -0.000000 0.174754 0.082367
v 0.093628 0.187729 0.078170
v 0.000000 0.217891 -0.151236
v 0.087979 0.226899 -0.142314
v 0.087759 0.226829 0.142326
v 0.000000 0.217884 0.151228
v 0.093502 0.539025 -0.077952
v 0.100827 0.550431 0.002362
v -0.000000 0.562195 -0.000013
v -0.000000 0.549805 -0.082072
v 0.100827 0.550431 0.002362
v 0.093535 0.539113 0.079369
v 0.000000 0.549798 0.082091
v -0.000000 0.562195 -0.000013
v 0.148605 0.487181 -0.124237
v 0.170683 0.504712 -0.073321
v 0.093502 0.539025 -0.077952
v 0.087757 0.503023 -0.142168
v 0.091799 0.472687 -0.161668
v -0.000000 0.506302 -0.154243
v 0.170829 0.499758 0.075885
v 0.149022 0.482102 0.124399
v 0.087974 0.502845 0.142269
v 0.093535 0.539113 0.079369
v 0.182744 0.511019 0.003307
v 0.170829 0.499758 0.075885
v 0.093535 0.539113 0.079369
v 0.100827 0.550431 0.002362
v 0.170683 0.504712 -0.073321
v 0.182744 0.511019 0.003307
v 0.100827 0.550431 0.002362
v 0.093502 0.539025 -0.077952
v 0.000000 0.142376 -0.123638
v 0.058287 0.142335 -0.115421
v 0.057067 0.187830 -0.114401
v 0.000000 0.188356 -0.122611
v 0.052240 0.228933 -0.104089
v 0.000000 0.230950 -0.111436
v 0.048442 0.260716 -0.081219
v -0.000000 0.264852 -0.086281
v 0.095427 0.226858 -0.081858
v 0.082252 0.252246 -0.070958
v 0.105201 0.187458 -0.089401
v 0.107499 0.142357 -0.090301
v 0.056291 0.099038 -0.110033
v 0.103820 0.098992 -0.086100
v -0.000000 0.099053 -0.117856
v 0.138608 0.142548 -0.049337
v 0.148987 0.142674 -0.000000
v 0.145742 0.189044 0.000003
v 0.135600 0.188322 -0.048808
v 0.130703 0.231874 0.000016
v 0.121885 0.229659 -0.044991
v 0.138608 0.142548 0.049337
v 0.135599 0.188328 0.048808
v 0.121882 0.229367 0.044994
v 0.133873 0.098971 -0.047048
v 0.094252 0.261190 -0.041831
v 0.100153 0.265395 0.000026
v 0.094273 0.260748 0.041837
v 0.095434 0.226872 0.081843
v 0.082272 0.252200 0.070927
v 0.105202 0.187461 0.089399
v 0.107499 0.142357 0.090301
v 0.133873 0.098971 0.047048
v 0.103820 0.098992 0.086099
v 0.143904 0.098973 -0.000000
v 0.058287 0.142335 0.115421
v 0.000000 0.142376 0.123638
v -0.000000 0.188356 0.122611
v 0.057067 0.187830 0.114401
v -0.000000 0.230950 0.111435
v 0.052241 0.228934 0.104088
v 0.056291 0.099038 0.110033
v 0.048454 0.260719 0.081210
v -0.000000 0.264852 0.086281
v 0.000000 0.099053 0.117856
v -0.000000 0.031354 -0.028262
v -0.000000 0.029470 -0.000000
v 0.035825 0.031317 -0.000000
v 0.034579 0.033038 -0.027328
v 0.000000 0.031354 0.028262
v 0.034579 0.033038 0.027328
v -0.000000 0.037185 -0.054648
v 0.033934 0.038268 -0.051917
v 0.065118 0.038097 -0.027073
v 0.058131 0.040536 -0.046328
v 0.068454 0.036890 -0.000000
v 0.065118 0.038097 0.027073
v 0.034050 0.038209 0.051694
v 0.058131 0.040536 0.046328
v 0.000000 0.037051 0.054251
v 0.051319 0.279325 -0.044362
v 0.054010 0.285343 0.000013
v 0.000000 0.291645 -0.000000
v -0.000000 0.285145 -0.046718
v 0.051340 0.279319 0.044363
v 0.000000 0.285145 0.046718
v 0.048442 0.260716 -0.081219
v -0.000000 0.264852 -0.086281
v 0.048454 0.260719 0.081210
v -0.000000 0.264852 0.086281
v 0.040352 0.047833 0.074016
v 0.000000 0.047268 0.078770
v 0.000000 0.064379 0.099050
v 0.048603 0.064510 0.092586
v 0.089419 0.064522 0.072572
v 0.034050 0.038209 0.051694
v 0.073252 0.048378 0.058831
v 0.114896 0.064169 -0.039674
v 0.123282 0.063923 -0.000000
v 0.000000 0.037051 0.054251
v 0.092530 0.047529 -0.032466
v 0.098675 0.046867 -0.000000
v 0.114896 0.064169 0.039673
v 0.092530 0.047529 0.032466
v 0.089419 0.064522 -0.072573
v 0.073252 0.048378 -0.058831
v -0.000000 0.064245 -0.098941
v 0.048553 0.064440 -0.092542
v 0.000000 0.054291 -0.084820
v 0.040166 0.047816 -0.074039
v 0.033934 0.038268 -0.051917
v -0.000000 0.037185 -0.054648
v 0.136574 0.167111 0.040340
v 0.118481 0.143665 0.029608
v 0.102012 0.158294 0.027844
v 0.110032 0.187050 0.034296
v 0.158404 0.115879 0.027755
v 0.163149 0.104237 -0.000000
v 0.144914 0.112021 -0.000000
v 0.149196 0.121152 0.029089
v 0.158404 0.115879 -0.027755
v 0.183737 0.131535 -0.034192
v 0.168372 0.143124 -0.038957
v 0.149196 0.121152 -0.029089
v 0.112284 0.134898 -0.000000
v 0.118481 0.143665 -0.029608
v 0.102012 0.158294 -0.027844
v 0.089375 0.159732 -0.000000
v 0.154118 0.190955 -0.029597
v 0.160825 0.199297 -0.000000
v 0.130660 0.214153 -0.000000
v 0.135515 0.202617 -0.027821
v 0.191828 0.160196 -0.027755
v 0.204326 0.158834 -0.000000
v 0.191829 0.174227 -0.000000
v 0.184227 0.167600 -0.029089
v 0.136574 0.167111 -0.040340
v 0.110032 0.187050 -0.034296
v 0.154118 0.190955 0.029597
v 0.135515 0.202617 0.027821
v 0.191828 0.160196 0.027755
v 0.183737 0.131535 0.034192
v 0.168372 0.143124 0.038957
v 0.184227 0.167600 0.029089
v 0.118481 0.143665 0.029608
v 0.102012 0.158294 0.027844
v 0.158404 0.115879 -0.027755
v 0.163149 0.104237 -0.000000
v 0.201508 0.118133 -0.000000
v 0.183737 0.131535 -0.034192
v 0.183737 0.131535 0.034192
v 0.158404 0.115879 0.027755
v 0.092128 0.200264 -0.000000
v 0.110032 0.187050 -0.034296
v 0.089375 0.159732 -0.000000
v 0.102012 0.158294 -0.027844
v 0.110032 0.187050 0.034296
v 0.102012 0.158294 0.027844
v 0.117927 0.578508 0.025205
v 0.107972 0.582939 0.002296
v 0.129346 0.592557 0.002105
v 0.135203 0.589950 0.016167
v 0.107972 0.582939 0.002296
v 0.118068 0.578283 -0.020313
v 0.135220 0.589743 -0.011826
v 0.129346 0.592557 0.002105
v 0.118068 0.578283 -0.020313
v 0.146106 0.566715 -0.030997
v 0.151309 0.583313 -0.018134
v 0.135220 0.589743 -0.011826
v 0.146106 0.566715 -0.030997
v 0.174475 0.556039 -0.020482
v 0.167647 0.577918 -0.011808
v 0.151309 0.583313 -0.018134
v 0.174475 0.556039 -0.020482
v 0.184951 0.552339 0.001948
v 0.173862 0.576223 0.001952
v 0.167647 0.577918 -0.011808
v 0.184951 0.552339 0.001948
v 0.174576 0.555837 0.024784
v 0.167737 0.577991 0.015881
v 0.173862 0.576223 0.001952
v 0.174576 0.555837 0.024784
v 0.146103 0.566729 0.035910
v 0.151369 0.583530 0.022465
v 0.167737 0.577991 0.015881
v 0.146103 0.566729 0.035910
v 0.117927 0.578508 0.025205
v 0.135203 0.589950 0.016167
v 0.151369 0.583530 0.022465
v -0.000000 0.080615 -0.294596
v 0.027517 0.080615 -0.284916
v 0.022601 0.102877 -0.280624
v -0.000000 0.108219 -0.285336
v 0.000000 0.053011 -0.285336
v 0.022601 0.058353 -0.280624
v 0.029788 0.080613 -0.110640
v 0.024569 0.080619 -0.084100
v 0.020174 0.100614 -0.087989
v 0.022568 0.103827 -0.112006
v 0.020171 0.060619 -0.087983
v 0.000000 0.055729 -0.083701
v 0.000000 0.080615 -0.075288
v 0.000000 0.105503 -0.083703
v 0.026150 0.052492 -0.163395
v 0.025003 0.054078 -0.144674
v 0.033769 0.080577 -0.143752
v 0.035496 0.080532 -0.164115
v 0.022604 0.057391 -0.111989
v 0.024852 0.107076 -0.144713
v 0.025950 0.108615 -0.163402
v 0.000000 0.049813 -0.110557
v 0.000000 0.055729 -0.083701
v 0.133540 0.131756 0.030050
v 0.127311 0.122637 -0.000000
v 0.133540 0.131756 -0.030050
v 0.152048 0.155436 -0.041081
v 0.169726 0.179742 -0.030048
v 0.176779 0.188238 -0.000000
v 0.169726 0.179742 0.030048
v 0.152048 0.155436 0.041081
v 0.149196 0.121152 0.029089
v 0.133540 0.131756 0.030050
v 0.158404 0.115879 0.027755
v 0.047498 0.037005 0.026068
v 0.037433 0.037131 -0.000000
v 0.036942 0.060857 -0.000000
v 0.047291 0.060572 0.026776
v 0.048538 0.081061 -0.000000
v 0.053240 0.077715 0.021095
v 0.047291 0.060572 -0.026776
v 0.053240 0.077715 -0.021096
v 0.047498 0.037005 -0.026068
v 0.073566 0.036817 -0.036102
v 0.074073 0.060589 -0.037152
v 0.074375 0.080917 -0.025872
v 0.100866 0.060195 -0.026802
v 0.095457 0.077483 -0.021123
v 0.099598 0.036563 -0.026037
v 0.109628 0.036506 -0.000000
v 0.111240 0.060320 -0.000000
v 0.100279 0.080772 -0.000000
v 0.100866 0.060195 0.026802
v 0.095457 0.077483 0.021123
v 0.099598 0.036563 0.026037
v 0.073566 0.036817 0.036102
v 0.074073 0.060589 0.037152
v 0.074375 0.080917 0.025872
v 0.047291 0.060572 0.026776
v 0.053240 0.077715 0.021095
v 0.047498 0.037005 0.026068
v 0.056312 0.000300 -0.016131
v 0.053161 -0.002933 0.000000
v 0.072162 -0.010000 0.000000
v 0.072365 -0.003077 -0.019129
v 0.091416 -0.003218 0.000000
v 0.088510 0.000046 -0.016067
v 0.072365 -0.003077 0.019129
v 0.088510 0.000046 0.016067
v 0.056312 0.000300 0.016131
v 0.074470 0.088291 -0.000000
v 0.074375 0.080917 -0.025872
v 0.048538 0.081061 -0.000000
v 0.053240 0.077715 -0.021096
v 0.074375 0.080917 0.025872
v 0.053240 0.077715 0.021095
v 0.072365 -0.003077 0.019129
v 0.072909 0.014709 0.030681
v 0.095036 0.014643 0.022123
v 0.050717 0.015069 0.022200
v 0.056312 0.000300 0.016131
v 0.103507 0.014407 -0.000000
v 0.095036 0.014643 -0.022123
v 0.056312 0.000300 -0.016131
v 0.072365 -0.003077 -0.019129
v 0.072909 0.014709 -0.030681
v 0.050717 0.015069 -0.022200
v 0.056312 0.000300 0.016131
v 0.053161 -0.002933 0.000000
v 0.042152 0.015019 -0.000000
v 0.050717 0.015069 0.022200
v 0.163548 0.446695 0.136141
v 0.208149 0.442565 0.078075
v 0.217693 0.443925 -0.078250
v 0.202941 0.450635 0.077768
v 0.170829 0.499758 0.075885
v 0.162074 0.458261 -0.135382
v 0.122295 0.496772 0.062595
v 0.068649 0.524037 0.042560
v 0.080072 0.539507 0.040258
v 0.129082 0.515737 0.058554
v 0.175894 0.469402 0.041533
v 0.122295 0.496772 0.062595
v 0.129082 0.515737 0.058554
v 0.178141 0.492392 0.039257
v 0.194351 0.460892 0.001618
v 0.175894 0.469402 0.041533
v 0.178141 0.492392 0.039257
v 0.195532 0.485119 0.001757
v 0.175954 0.471638 -0.037165
v 0.194351 0.460892 0.001618
v 0.195532 0.485119 0.001757
v 0.178357 0.494099 -0.035012
v 0.122573 0.498608 -0.056403
v 0.175954 0.471638 -0.037165
v 0.178357 0.494099 -0.035012
v 0.129321 0.517110 -0.052820
v 0.069188 0.524133 -0.036544
v 0.122573 0.498608 -0.056403
v 0.129321 0.517110 -0.052820
v 0.080502 0.539514 -0.034465
v 0.050341 0.533018 0.002580
v 0.069188 0.524133 -0.036544
v 0.080502 0.539514 -0.034465
v 0.063085 0.547687 0.002546
v 0.068649 0.524037 0.042560
v 0.050341 0.533018 0.002580
v 0.063085 0.547687 0.002546
v 0.080072 0.539507 0.040258
v 0.133554 0.528911 0.055416
v 0.087699 0.550239 0.038266
v 0.100459 0.565069 0.033764
v 0.139913 0.547686 0.048633
v 0.179573 0.508163 0.037451
v 0.133554 0.528911 0.055416
v 0.139913 0.547686 0.048633
v 0.179691 0.531112 0.033189
v 0.196054 0.501584 0.001803
v 0.179573 0.508163 0.037451
v 0.179691 0.531112 0.033189
v 0.194067 0.525780 0.001883
v 0.179617 0.509406 -0.033103
v 0.196054 0.501584 0.001803
v 0.194067 0.525780 0.001883
v 0.179582 0.531781 -0.028755
v 0.133711 0.529831 -0.049758
v 0.179617 0.509406 -0.033103
v 0.179582 0.531781 -0.028755
v 0.139980 0.548060 -0.043192
v 0.088076 0.550146 -0.032629
v 0.133711 0.529831 -0.049758
v 0.139980 0.548060 -0.043192
v 0.100735 0.564874 -0.028403
v 0.071650 0.557737 0.002505
v 0.088076 0.550146 -0.032629
v 0.100735 0.564874 -0.028403
v 0.086570 0.571375 0.002434
v 0.087699 0.550239 0.038266
v 0.071650 0.557737 0.002505
v 0.086570 0.571375 0.002434
v 0.100459 0.565069 0.033764
v 0.194351 0.460892 0.001618
v 0.175894 0.469402 0.041533
v 0.175954 0.471638 -0.037165
v 0.194351 0.460892 0.001618
v 0.122295 0.496772 0.062595
v 0.068649 0.524037 0.042560
v 0.175894 0.469402 0.041533
v 0.122295 0.496772 0.062595
v 0.122573 0.498608 -0.056403
v 0.175954 0.471638 -0.037165
v 0.069188 0.524133 -0.036544
v 0.122573 0.498608 -0.056403
v 0.024775 0.107403 -0.261515
v 0.027004 0.114315 -0.230607
v -0.000000 0.124281 -0.234989
v -0.000000 0.115375 -0.265388
v 0.000000 0.045855 -0.265388
v -0.000000 0.036949 -0.234990
v 0.027003 0.046914 -0.230609
v 0.024775 0.053827 -0.261515
v 0.032078 0.080615 -0.264248
v 0.036245 0.080616 -0.234850
v 0.025913 0.110497 -0.185156
v 0.000000 0.117580 -0.163821
v 0.000000 0.119838 -0.187207
v -0.000000 0.041356 -0.187249
v -0.000000 0.043560 -0.163813
v 0.026004 0.050685 -0.185191
v 0.035119 0.080591 -0.187874
v 0.026457 0.048629 -0.210796
v 0.035425 0.080614 -0.213581
v 0.026443 0.112601 -0.210788
v -0.000000 0.122345 -0.213052
v -0.000000 0.038885 -0.213059
v 0.000000 0.053011 -0.285336
v -0.000000 0.108219 -0.285336
v 0.000000 0.115693 -0.143924
v -0.000000 0.045491 -0.143889
v 0.000000 0.105503 -0.083703
v -0.000000 0.111414 -0.110569
v -0.000000 0.121091 -0.200130
v 0.026090 0.111540 -0.197981
v 0.026132 0.049675 -0.198002
v -0.000000 0.040120 -0.200154
v 0.035119 0.080607 -0.200730
v 0.023866 0.105580 -0.128507
v 0.032110 0.080600 -0.127198
v 0.023965 0.055612 -0.128475
v -0.000000 0.047298 -0.127325
v -0.000000 0.113916 -0.127350
v -0.098843 0.367036 -0.194444
v -0.093778 0.290488 -0.181355
v -0.093737 0.442388 -0.181319
v -0.010361 0.509883 0.150058
v -0.052393 0.485504 0.159624
v -0.090943 0.469418 0.161700
v -0.087974 0.502845 0.142269
v -0.211198 0.452649 -0.077484
v -0.158351 0.466263 -0.132345
v -0.148605 0.487181 -0.124237
v -0.170683 0.504712 -0.073321
v -0.170895 0.438651 -0.142737
v -0.181756 0.367938 -0.151805
v -0.170799 0.295537 -0.142698
v -0.087979 0.226899 -0.142314
v -0.148808 0.245008 -0.124364
v -0.217924 0.289547 -0.078797
v -0.233949 0.365778 -0.082897
v -0.251415 0.352330 -0.000016
v -0.233754 0.275923 -0.000345
v -0.222434 0.422770 -0.079675
v -0.237485 0.421891 0.000275
v -0.233940 0.342898 0.082906
v -0.217781 0.273221 0.078490
v -0.218289 0.426407 0.078684
v -0.170688 0.226734 -0.073700
v -0.225032 0.451198 0.000979
v -0.182744 0.511019 0.003307
v -0.160281 0.454488 0.133663
v -0.202941 0.450635 0.077768
v -0.170829 0.499758 0.075885
v -0.149022 0.482102 0.124399
v -0.231129 0.442333 0.000573
v -0.208149 0.442565 0.078075
v -0.218289 0.426407 0.078684
v -0.171055 0.427601 0.142537
v -0.181744 0.351981 0.151814
v -0.170477 0.284320 0.142797
v -0.170343 0.222275 0.073421
v -0.217781 0.273221 0.078490
v -0.148294 0.240624 0.124373
v -0.181445 0.216146 -0.000289
v -0.093603 0.289856 0.181399
v -0.098851 0.365441 0.194441
v -0.093961 0.441762 0.181208
v -0.087759 0.226829 0.142326
v -0.091719 0.462565 0.166037
v -0.093773 0.187796 -0.078228
v -0.098788 0.174613 -0.000064
v -0.093628 0.187729 0.078170
v -0.087979 0.226899 -0.142314
v -0.087759 0.226829 0.142326
v -0.093502 0.539025 -0.077952
v -0.100827 0.550431 0.002362
v -0.100827 0.550431 0.002362
v -0.093535 0.539113 0.079369
v -0.148605 0.487181 -0.124237
v -0.087757 0.503023 -0.142168
v -0.093502 0.539025 -0.077952
v -0.170683 0.504712 -0.073321
v -0.091799 0.472687 -0.161668
v -0.170829 0.499758 0.075885
v -0.093535 0.539113 0.079369
v -0.087974 0.502845 0.142269
v -0.149022 0.482102 0.124399
v -0.182744 0.511019 0.003307
v -0.100827 0.550431 0.002362
v -0.093535 0.539113 0.079369
v -0.170829 0.499758 0.075885
v -0.170683 0.504712 -0.073321
v -0.093502 0.539025 -0.077952
v -0.100827 0.550431 0.002362
v -0.182744 0.511019 0.003307
v -0.057067 0.187830 -0.114401
v -0.058287 0.142335 -0.115421
v -0.052240 0.228933 -0.104089
v -0.048442 0.260716 -0.081219
v -0.082252 0.252246 -0.070958
v -0.095427 0.226858 -0.081858
v -0.105201 0.187458 -0.089401
v -0.107499 0.142357 -0.090301
v -0.056291 0.099038 -0.110033
v -0.103820 0.098992 -0.086100
v -0.138608 0.142548 -0.049337
v -0.135600 0.188322 -0.048808
v -0.145742 0.189044 0.000003
v -0.148987 0.142674 -0.000000
v -0.121885 0.229659 -0.044991
v -0.130703 0.231874 0.000016
v -0.135599 0.188328 0.048808
v -0.138608 0.142548 0.049337
v -0.121882 0.229367 0.044994
v -0.133873 0.098971 -0.047048
v -0.094252 0.261190 -0.041831
v -0.100153 0.265395 0.000026
v -0.094273 0.260748 0.041837
v -0.082272 0.252200 0.070927
v -0.095434 0.226872 0.081843
v -0.105202 0.187461 0.089399
v -0.107499 0.142357 0.090301
v -0.133873 0.098971 0.047048
v -0.103820 0.098992 0.086099
v -0.143904 0.098973 -0.000000
v -0.058287 0.142335 0.115421
v -0.057067 0.187830 0.114401
v -0.052241 0.228934 0.104088
v -0.056291 0.099038 0.110033
v -0.048454 0.260719 0.081210
v -0.034579 0.033038 -0.027328
v -0.035825 0.031317 -0.000000
v -0.034579 0.033038 0.027328
v -0.033934 0.038268 -0.051917
v -0.058131 0.040536 -0.046328
v -0.065118 0.038097 -0.027073
v -0.068454 0.036890 -0.000000
v -0.065118 0.038097 0.027073
v -0.058131 0.040536 0.046328
v -0.034050 0.038209 0.051694
v -0.051319 0.279325 -0.044362
v -0.054010 0.285343 0.000013
v -0.051340 0.279319 0.044363
v -0.048442 0.260716 -0.081219
v -0.048454 0.260719 0.081210
v -0.040352 0.047833 0.074016
v -0.048603 0.064510 0.092586
v -0.089419 0.064522 0.072572
v -0.073252 0.048378 0.058831
v -0.034050 0.038209 0.051694
v -0.114896 0.064169 -0.039674
v -0.123282 0.063923 -0.000000
v -0.092530 0.047529 -0.032466
v -0.098675 0.046867 -0.000000
v -0.114896 0.064169 0.039673
v -0.092530 0.047529 0.032466
v -0.089419 0.064522 -0.072573
v -0.073252 0.048378 -0.058831
v -0.048553 0.064440 -0.092542
v -0.040166 0.047816 -0.074039
v -0.033934 0.038268 -0.051917
v -0.136574 0.167111 0.040340
v -0.110032 0.187050 0.034296
v -0.102012 0.158294 0.027844
v -0.118481 0.143665 0.029608
v -0.158404 0.115879 0.027755
v -0.149196 0.121152 0.029089
v -0.144914 0.112021 -0.000000
v -0.163149 0.104237 -0.000000
v -0.158404 0.115879 -0.027755
v -0.149196 0.121152 -0.029089
v -0.168372 0.143124 -0.038957
v -0.183737 0.131535 -0.034192
v -0.112284 0.134898 -0.000000
v -0.089375 0.159732 -0.000000
v -0.102012 0.158294 -0.027844
v -0.118481 0.143665 -0.029608
v -0.154118 0.190955 -0.029597
v -0.135515 0.202617 -0.027821
v -0.130660 0.214153 -0.000000
v -0.160825 0.199297 -0.000000
v -0.191828 0.160196 -0.027755
v -0.184227 0.167600 -0.029089
v -0.191829 0.174227 -0.000000
v -0.204326 0.158834 -0.000000
v -0.136574 0.167111 -0.040340
v -0.110032 0.187050 -0.034296
v -0.154118 0.190955 0.029597
v -0.135515 0.202617 0.027821
v -0.191828 0.160196 0.027755
v -0.184227 0.167600 0.029089
v -0.168372 0.143124 0.038957
v -0.183737 0.131535 0.034192
v -0.118481 0.143665 0.029608
v -0.102012 0.158294 0.027844
v -0.158404 0.115879 -0.027755
v -0.183737 0.131535 -0.034192
v -0.201508 0.118133 -0.000000
v -0.163149 0.104237 -0.000000
v -0.183737 0.131535 0.034192
v -0.158404 0.115879 0.027755
v -0.110032 0.187050 -0.034296
v -0.092128 0.200264 -0.000000
v -0.102012 0.158294 -0.027844
v -0.089375 0.159732 -0.000000
v -0.102012 0.158294 0.027844
v -0.110032 0.187050 0.034296
v -0.117927 0.578508 0.025205
v -0.135203 0.589950 0.016167
v -0.129346 0.592557 0.002105
v -0.107972 0.582939 0.002296
v -0.107972 0.582939 0.002296
v -0.129346 0.592557 0.002105
v -0.135220 0.589743 -0.011826
v -0.118068 0.578283 -0.020313
v -0.118068 0.578283 -0.020313
v -0.135220 0.589743 -0.011826
v -0.151309 0.583313 -0.018134
v -0.146106 0.566715 -0.030997
v -0.146106 0.566715 -0.030997
v -0.151309 0.583313 -0.018134
v -0.167647 0.577918 -0.011808
v -0.174475 0.556039 -0.020482
v -0.174475 0.556039 -0.020482
v -0.167647 0.577918 -0.011808
v -0.173862 0.576223 0.001952
v -0.184951 0.552339 0.001948
v -0.184951 0.552339 0.001948
v -0.173862 0.576223 0.001952
v -0.167737 0.577991 0.015881
v -0.174576 0.555837 0.024784
v -0.174576 0.555837 0.024784
v -0.167737 0.577991 0.015881
v -0.151369 0.583530 0.022465
v -0.146103 0.566729 0.035910
v -0.146103 0.566729 0.035910
v -0.151369 0.583530 0.022465
v -0.135203 0.589950 0.016167
v -0.117927 0.578508 0.025205
v -0.022601 0.102877 -0.280624
v -0.027517 0.080615 -0.284916
v -0.022601 0.058353 -0.280624
v -0.029788 0.080613 -0.110640
v -0.022568 0.103827 -0.112006
v -0.020174 0.100614 -0.087989
v -0.024569 0.080619 -0.084100
v -0.020171 0.060619 -0.087983
v -0.026150 0.052492 -0.163395
v -0.035496 0.080532 -0.164115
v -0.033769 0.080577 -0.143752
v -0.025003 0.054078 -0.144674
v -0.022604 0.057391 -0.111989
v -0.025950 0.108615 -0.163402
v -0.024852 0.107076 -0.144713
v -0.127311 0.122637 -0.000000
v -0.133540 0.131756 0.030050
v -0.133540 0.131756 -0.030050
v -0.152048 0.155436 -0.041081
v -0.169726 0.179742 -0.030048
v -0.176779 0.188238 -0.000000
v -0.169726 0.179742 0.030048
v -0.152048 0.155436 0.041081
v -0.149196 0.121152 0.029089
v -0.133540 0.131756 0.030050
v -0.158404 0.115879 0.027755
v -0.047498 0.037005 0.026068
v -0.047291 0.060572 0.026776
v -0.036942 0.060857 -0.000000
v -0.037433 0.037131 -0.000000
v -0.053240 0.077715 0.021095
v -0.048538 0.081061 -0.000000
v -0.053240 0.077715 -0.021096
v -0.047291 0.060572 -0.026776
v -0.047498 0.037005 -0.026068
v -0.074073 0.060589 -0.037152
v -0.073566 0.036817 -0.036102
v -0.074375 0.080917 -0.025872
v -0.095457 0.077483 -0.021123
v -0.100866 0.060195 -0.026802
v -0.099598 0.036563 -0.026037
v -0.111240 0.060320 -0.000000
v -0.109628 0.036506 -0.000000
v -0.100279 0.080772 -0.000000
v -0.095457 0.077483 0.021123
v -0.100866 0.060195 0.026802
v -0.099598 0.036563 0.026037
v -0.074073 0.060589 0.037152
v -0.073566 0.036817 0.036102
v -0.074375 0.080917 0.025872
v -0.053240 0.077715 0.021095
v -0.047291 0.060572 0.026776
v -0.047498 0.037005 0.026068
v -0.056312 0.000300 -0.016131
v -0.072365 -0.003077 -0.019129
v -0.072162 -0.010000 0.000000
v -0.053161 -0.002933 0.000000
v -0.088510 0.000046 -0.016067
v -0.091416 -0.003218 0.000000
v -0.088510 0.000046 0.016067
v -0.072365 -0.003077 0.019129
v -0.056312 0.000300 0.016131
v -0.074375 0.080917 -0.025872
v -0.074470 0.088291 -0.000000
v -0.053240 0.077715 -0.021096
v -0.048538 0.081061 -0.000000
v -0.053240 0.077715 0.021095
v -0.074375 0.080917 0.025872
v -0.095036 0.014643 0.022123
v -0.072909 0.014709 0.030681
v -0.072365 -0.003077 0.019129
v -0.050717 0.015069 0.022200
v -0.056312 0.000300 0.016131
v -0.095036 0.014643 -0.022123
v -0.103507 0.014407 -0.000000
v -0.056312 0.000300 -0.016131
v -0.050717 0.015069 -0.022200
v -0.072909 0.014709 -0.030681
v -0.072365 -0.003077 -0.019129
v -0.056312 0.000300 0.016131
v -0.050717 0.015069 0.022200
v -0.042152 0.015019 -0.000000
v -0.053161 -0.002933 0.000000
v -0.163548 0.446695 0.136141
v -0.208149 0.442565 0.078075
v -0.217693 0.443925 -0.078250
v -0.202941 0.450635 0.077768
v -0.170829 0.499758 0.075885
v -0.162074 0.458261 -0.135382
v -0.122295 0.496772 0.062595
v -0.129082 0.515737 0.058554
v -0.080072 0.539507 0.040258
v -0.068649 0.524037 0.042560
v -0.175894 0.469402 0.041533
v -0.178141 0.492392 0.039257
v -0.129082 0.515737 0.058554
v -0.122295 0.496772 0.062595
v -0.194351 0.460892 0.001618
v -0.195532 0.485119 0.001757
v -0.178141 0.492392 0.039257
v -0.175894 0.469402 0.041533
v -0.175954 0.471638 -0.037165
v -0.178357 0.494099 -0.035012
v -0.195532 0.485119 0.001757
v -0.194351 0.460892 0.001618
v -0.122573 0.498608 -0.056403
v -0.129321 0.517110 -0.052820
v -0.178357 0.494099 -0.035012
v -0.175954 0.471638 -0.037165
v -0.069188 0.524133 -0.036544
v -0.080502 0.539514 -0.034465
v -0.129321 0.517110 -0.052820
v -0.122573 0.498608 -0.056403
v -0.050341 0.533018 0.002580
v -0.063085 0.547687 0.002546
v -0.080502 0.539514 -0.034465
v -0.069188 0.524133 -0.036544
v -0.068649 0.524037 0.042560
v -0.080072 0.539507 0.040258
v -0.063085 0.547687 0.002546
v -0.050341 0.533018 0.002580
v -0.133554 0.528911 0.055416
v -0.139913 0.547686 0.048633
v -0.100459 0.565069 0.033764
v -0.087699 0.550239 0.038266
v -0.179573 0.508163 0.037451
v -0.179691 0.531112 0.033189
v -0.139913 0.547686 0.048633
v -0.133554 0.528911 0.055416
v -0.196054 0.501584 0.001803
v -0.194067 0.525780 0.001883
v -0.179691 0.531112 0.033189
v -0.179573 0.508163 0.037451
v -0.179617 0.509406 -0.033103
v -0.179582 0.531781 -0.028755
v -0.194067 0.525780 0.001883
v -0.196054 0.501584 0.001803
v -0.133711 0.529831 -0.049758
v -0.139980 0.548060 -0.043192
v -0.179582 0.531781 -0.028755
v -0.179617 0.509406 -0.033103
v -0.088076 0.550146 -0.032629
v -0.100735 0.564874 -0.028403
v -0.139980 0.548060 -0.043192
v -0.133711 0.529831 -0.049758
v -0.071650 0.557737 0.002505
v -0.086570 0.571375 0.002434
v -0.100735 0.564874 -0.028403
v -0.088076 0.550146 -0.032629
v -0.087699 0.550239 0.038266
v -0.100459 0.565069 0.033764
v -0.086570 0.571375 0.002434
v -0.071650 0.557737 0.002505
v -0.194351 0.460892 0.001618
v -0.175894 0.469402 0.041533
v -0.175954 0.471638 -0.037165
v -0.194351 0.460892 0.001618
v -0.122295 0.496772 0.062595
v -0.068649 0.524037 0.042560
v -0.175894 0.469402 0.041533
v -0.122295 0.496772 0.062595
v -0.122573 0.498608 -0.056403
v -0.175954 0.471638 -0.037165
v -0.069188 0.524133 -0.036544
v -0.122573 0.498608 -0.056403
v -0.024775 0.107403 -0.261515
v -0.027004 0.114315 -0.230607
v -0.024775 0.053827 -0.261515
v -0.027003 0.046914 -0.230609
v -0.032078 0.080615 -0.264248
v -0.036245 0.080616 -0.234850
v -0.025913 0.110497 -0.185156
v -0.026004 0.050685 -0.185191
v -0.035119 0.080591 -0.187874
v -0.035425 0.080614 -0.213581
v -0.026457 0.048629 -0.210796
v -0.026443 0.112601 -0.210788
v -0.026090 0.111540 -0.197981
v -0.026132 0.049675 -0.198002
v -0.035119 0.080607 -0.200730
v -0.032110 0.080600 -0.127198
v -0.023866 0.105580 -0.128507
v -0.023965 0.055612 -0.128475
v 0.093535 0.539113 0.079369
v 0.087974 0.502845 0.142269
v 0.010361 0.509883 0.150058
v 0.000000 0.513777 0.146150
v 0.000000 0.549798 0.082091
v 0.087757 0.503023 -0.142168
v 0.093502 0.539025 -0.077952
v -0.000000 0.549805 -0.082072
v -0.093535 0.539113 0.079369
v -0.010361 0.509883 0.150058
v -0.087974 0.502845 0.142269
v -0.087757 0.503023 -0.142168
v -0.093502 0.539025 -0.077952
vn 0.1218 0.7250 -0.6779
vn -0.0000 0.6288 -0.7776
vn -0.0000 0.8222 -0.5692
vn -0.0000 0.6097 0.7927
vn 0.1126 0.7225 0.6821
vn -0.0000 0.8167 0.5770
vn -0.1218 0.7250 -0.6779
vn -0.1126 0.7225 0.6821
vn -0.0000 -0.3731 -0.9278
vn -0.0000 -0.6086 -0.7935
vn -0.1470 -0.5466 -0.8244
vn -0.6605 -0.5260 0.5358
vn -0.3258 -0.9454 0.0111
vn -0.2341 -0.6321 0.7386
vn 0.1696 -0.8193 0.5477
vn 0.3468 -0.9379 0.0084
vn -0.3258 -0.9454 0.0112
vn 0.1625 -0.8299 -0.5338
vn 0.3468 -0.9379 0.0083
vn -0.3257 -0.9454 0.0112
vn -0.6675 -0.5293 -0.5237
vn -0.2464 -0.6420 -0.7260
vn -0.2340 -0.6322 0.7387
vn 0.1695 -0.8193 0.5477
vn 0.1624 -0.8298 -0.5339
vn -0.8649 -0.5019 0.0040
vn -0.6676 -0.5293 -0.5237
vn -0.3257 -0.9454 0.0111
vn -0.8650 -0.5018 0.0041
vn -0.6605 -0.5260 0.5357
vn -0.1202 -0.7273 0.6757
vn -0.0000 -0.8246 0.5657
vn -0.0000 -0.6249 0.7807
vn -0.0000 -0.8200 -0.5723
vn -0.1104 -0.7250 -0.6799
vn -0.2610 -0.5343 0.8040
vn -0.2461 -0.7072 0.6628
vn -0.1202 -0.7272 0.6758
vn 0.2910 0.9563 0.0277
vn 0.4480 0.8939 0.0149
vn 0.3452 0.9273 -0.1449
vn 0.4307 0.8733 0.2275
vn 0.4480 0.8939 0.0150
vn 0.3408 0.9213 0.1870
vn 0.5891 0.8081 0.0063
vn 0.5300 0.8301 0.1732
vn 0.3452 0.9272 -0.1450
vn 0.4427 0.8742 -0.1993
vn 0.3408 0.9214 0.1870
vn 0.5300 0.8301 0.1733
vn 0.4308 0.8733 0.2275
vn 0.5378 0.8290 -0.1535
vn 0.5891 0.8081 0.0062
vn 0.4428 0.8742 -0.1993
vn 0.1470 -0.5466 -0.8244
vn 0.6605 -0.5260 0.5358
vn 0.2341 -0.6321 0.7386
vn 0.3258 -0.9454 0.0111
vn -0.1695 -0.8193 0.5477
vn -0.3468 -0.9379 0.0084
vn -0.3468 -0.9379 0.0083
vn -0.1625 -0.8298 -0.5338
vn 0.3258 -0.9454 0.0112
vn 0.2464 -0.6420 -0.7260
vn 0.6675 -0.5293 -0.5237
vn 0.2340 -0.6322 0.7386
vn -0.1624 -0.8298 -0.5339
vn 0.8650 -0.5018 0.0040
vn 0.8649 -0.5019 0.0041
vn 0.6606 -0.5260 0.5357
vn 0.1202 -0.7273 0.6757
vn 0.1104 -0.7250 -0.6799
vn 0.2610 -0.5343 0.8040
vn 0.1202 -0.7272 0.6758
vn 0.2461 -0.7072 0.6628
vn -0.2910 0.9563 0.0277
vn -0.3452 0.9273 -0.1449
vn -0.4480 0.8939 0.0149
vn -0.4307 0.8733 0.2275
vn -0.3408 0.9214 0.1870
vn -0.4480 0.8939 0.0150
vn -0.5891 0.8081 0.0063
vn -0.5300 0.8301 0.1732
vn -0.3452 0.9272 -0.1450
vn -0.4427 0.8742 -0.1993
vn -0.5300 0.8301 0.1733
vn -0.4308 0.8733 0.2275
vn -0.5378 0.8290 -0.1535
vn -0.5891 0.8081 0.0062
vn -0.4428 0.8742 -0.1993
vn 0.2981 0.5271 0.7958
vn 0.5846 0.4942 0.6434
vn 0.5779 0.4818 0.6587
vn 0.2894 0.5020 0.8150
vn -0.0000 0.6096 0.7927
vn 0.1473 0.5470 0.8241
vn 0.1503 0.5305 0.8343
vn 0.1127 0.7225 0.6821
vn 0.7898 0.4814 0.3802
vn 0.8902 0.4537 0.0413
vn 0.8146 0.5779 0.0491
vn 0.7708 0.5139 0.3764
vn 0.7898 0.4813 0.3802
vn 0.7708 0.5139 0.3765
vn 0.8266 0.4412 -0.3494
vn 0.7475 0.5757 -0.3315
vn 0.5582 0.4934 -0.6670
vn 0.5381 0.5328 -0.6531
vn 0.2667 0.5313 -0.8041
vn 0.2604 0.5292 -0.8076
vn -0.2981 0.5271 0.7958
vn -0.2894 0.5020 0.8150
vn -0.5779 0.4818 0.6587
vn -0.5846 0.4942 0.6434
vn -0.1127 0.7225 0.6821
vn -0.1503 0.5305 0.8343
vn -0.1473 0.5470 0.8241
vn -0.7898 0.4813 0.3802
vn -0.7708 0.5139 0.3764
vn -0.8146 0.5779 0.0491
vn -0.8902 0.4537 0.0413
vn -0.7708 0.5139 0.3765
vn -0.7475 0.5757 -0.3315
vn -0.8266 0.4412 -0.3494
vn -0.5381 0.5328 -0.6531
vn -0.5582 0.4934 -0.6670
vn -0.2666 0.5313 -0.8041
vn -0.2604 0.5292 -0.8076
vn -0.0000 0.3606 0.9327
vn -0.2865 0.3463 0.8933
vn -0.3047 -0.0014 0.9524
vn -0.0000 -0.0012 1.0000
vn -0.2827 -0.3564 0.8906
vn -0.0000 -0.3707 0.9288
vn -0.1104 -0.7249 -0.6799
vn -0.2680 -0.6893 -0.6730
vn -0.2902 -0.5044 -0.8133
vn -0.1522 -0.5361 -0.8303
vn -0.7495 -0.5731 0.3314
vn -0.5919 -0.7418 0.3152
vn -0.4821 -0.6428 0.5953
vn -0.5385 -0.5336 0.6522
vn -0.6466 -0.0029 0.7628
vn -0.6143 -0.3162 0.7230
vn -0.6046 0.3436 0.7186
vn -0.2673 0.6823 0.6804
vn -0.5028 0.6120 0.6104
vn -0.0000 0.7081 0.7061
vn -0.8294 0.3884 0.4015
vn -0.8927 0.4493 0.0340
vn -0.9999 0.0166 0.0016
vn -0.9118 -0.0050 0.4105
vn -0.9640 -0.2644 -0.0270
vn -0.8863 -0.2548 0.3867
vn -0.8152 0.4447 -0.3711
vn -0.9109 0.0321 -0.4113
vn -0.8662 -0.3104 -0.3915
vn -0.5936 0.7230 0.3535
vn -0.8163 -0.5756 -0.0482
vn -0.6491 -0.7600 -0.0313
vn -0.5766 -0.4836 -0.6585
vn -0.5232 -0.5929 -0.6122
vn -0.6223 -0.6990 -0.3522
vn -0.7702 -0.5154 -0.3758
vn -0.8662 -0.3105 -0.3915
vn -0.7918 -0.4776 -0.3806
vn -0.8912 -0.4517 -0.0407
vn -0.6456 0.0125 -0.7635
vn -0.6303 -0.3273 -0.7040
vn -0.5729 0.3760 -0.7283
vn -0.5598 0.7620 -0.3256
vn -0.4523 0.6497 -0.6110
vn -0.6161 0.7871 0.0286
vn -0.2691 0.3487 -0.8978
vn -0.0000 0.3612 -0.9325
vn -0.0000 -0.0020 -1.0000
vn -0.3057 -0.0059 -0.9521
vn -0.3049 -0.3640 -0.8801
vn -0.2454 0.6893 -0.6817
vn -0.2996 -0.5226 -0.7982
vn -0.0000 0.7088 -0.7054
vn -0.0000 0.9338 0.3579
vn -0.0000 1.0000 0.0002
vn -0.2991 0.9542 0.0065
vn -0.2858 0.8939 0.3453
vn -0.0000 0.9339 -0.3575
vn -0.2713 0.9007 -0.3392
vn -0.2673 0.6824 0.6804
vn -0.2454 0.6894 -0.6816
vn -0.0000 0.7089 -0.7053
vn -0.2597 -0.9121 0.3174
vn -0.2850 -0.9585 -0.0107
vn -0.0000 -1.0000 0.0011
vn -0.0000 -0.9446 0.3282
vn -0.2849 -0.9585 -0.0107
vn -0.2724 -0.9033 -0.3315
vn -0.0000 -0.9439 -0.3304
vn -0.4820 -0.6429 0.5952
vn -0.5918 -0.7419 0.3153
vn -0.2597 -0.9120 0.3175
vn -0.2461 -0.7073 0.6627
vn -0.2678 -0.5301 0.8046
vn -0.6223 -0.6991 -0.3522
vn -0.5231 -0.5930 -0.6122
vn -0.2680 -0.6894 -0.6730
vn -0.2725 -0.9032 -0.3315
vn -0.6491 -0.7601 -0.0314
vn -0.5918 -0.7419 0.3152
vn -0.6491 -0.7601 -0.0313
vn -0.2850 -0.9585 -0.0106
vn -0.2597 -0.9120 0.3174
vn -0.0000 0.0532 0.9986
vn -0.3026 0.0496 0.9518
vn -0.3041 -0.1474 0.9412
vn -0.0000 -0.1405 0.9901
vn -0.2805 -0.4202 0.8630
vn -0.0000 -0.4309 0.9024
vn -0.2478 -0.7375 0.6282
vn -0.0000 -0.7600 0.6500
vn -0.5861 -0.4282 0.6879
vn -0.4736 -0.6757 0.5650
vn -0.6379 -0.1677 0.7516
vn -0.6428 0.0395 0.7650
vn -0.2849 0.3049 0.9088
vn -0.6082 0.3094 0.7310
vn -0.0000 0.3036 0.9528
vn -0.9096 0.0284 0.4146
vn -0.9997 0.0238 -0.0000
vn -0.9797 -0.2003 -0.0001
vn -0.8942 -0.1904 0.4051
vn -0.8623 -0.5064 -0.0015
vn -0.8008 -0.4767 0.3626
vn -0.9096 0.0286 -0.4146
vn -0.8942 -0.1909 -0.4050
vn -0.8005 -0.4769 -0.3630
vn -0.8636 0.3115 0.3965
vn -0.5574 -0.7717 0.3063
vn -0.5882 -0.8087 -0.0026
vn -0.5593 -0.7700 -0.3070
vn -0.5867 -0.4295 -0.6865
vn -0.4755 -0.6767 -0.5620
vn -0.6381 -0.1681 -0.7514
vn -0.6428 0.0396 -0.7650
vn -0.8636 0.3115 -0.3965
vn -0.6082 0.3094 -0.7310
vn -0.9503 0.3112 0.0001
vn -0.3025 0.0495 -0.9519
vn -0.0000 0.0533 -0.9986
vn -0.0000 -0.1405 -0.9901
vn -0.3039 -0.1469 -0.9413
vn -0.0000 -0.4310 -0.9024
vn -0.2803 -0.4206 -0.8629
vn -0.2849 0.3047 -0.9088
vn -0.2490 -0.7378 -0.6274
vn -0.0000 -0.7600 -0.6499
vn -0.0000 0.3034 -0.9529
vn -0.0000 0.9901 0.1406
vn -0.0000 1.0000 -0.0001
vn -0.1103 0.9939 0.0001
vn -0.1043 0.9854 0.1349
vn -0.0000 0.9901 -0.1400
vn -0.1044 0.9854 -0.1345
vn -0.0000 0.9404 0.3402
vn -0.0930 0.9453 0.3127
vn -0.2335 0.9622 0.1399
vn -0.2001 0.9438 0.2631
vn -0.2451 0.9695 0.0001
vn -0.2336 0.9622 -0.1398
vn -0.1046 0.9509 -0.2914
vn -0.2004 0.9438 -0.2630
vn -0.0000 0.9533 -0.3019
vn -0.2494 -0.9226 0.2943
vn -0.2627 -0.9649 -0.0012
vn -0.0000 -1.0000 -0.0000
vn -0.0000 -0.9528 0.3036
vn -0.2515 -0.9220 -0.2943
vn -0.0000 -0.9528 -0.3036
vn -0.2478 -0.7376 0.6282
vn -0.0000 -0.7600 0.6499
vn -0.2490 -0.7379 -0.6273
vn -0.1512 0.8487 -0.5068
vn -0.0000 0.8493 -0.5280
vn -0.0000 0.6228 -0.7824
vn -0.2279 0.6269 -0.7450
vn -0.4840 0.6426 -0.5940
vn -0.1046 0.9508 -0.2915
vn -0.3172 0.8583 -0.4033
vn -0.6809 0.6600 0.3175
vn -0.7450 0.6671 0.0002
vn -0.0000 0.9533 -0.3020
vn -0.4291 0.8788 0.2089
vn -0.4588 0.8886 -0.0000
vn -0.6808 0.6601 -0.3175
vn -0.4290 0.8788 -0.2090
vn -0.4839 0.6426 0.5940
vn -0.3171 0.8584 0.4033
vn -0.0000 0.6344 0.7730
vn -0.2232 0.6331 0.7412
vn -0.0000 0.8312 0.5559
vn -0.1332 0.8501 0.5094
vn -0.0930 0.9453 0.3128
vn -0.0000 0.9403 0.3402
vn 0.0729 -0.0556 -0.9958
vn 0.5010 0.5037 -0.7038
vn 0.7007 0.2887 -0.6524
vn 0.4715 -0.3575 -0.8062
vn 0.0448 0.7673 -0.6397
vn -0.0125 0.9999 -0.0000
vn 0.4739 0.8806 -0.0000
vn 0.2983 0.6502 -0.6987
vn 0.0449 0.7673 0.6397
vn -0.4886 0.3685 0.7908
vn -0.1213 0.0915 0.9884
vn 0.2983 0.6502 0.6987
vn 0.6724 0.7402 -0.0000
vn 0.5010 0.5036 0.7038
vn 0.7007 0.2887 0.6524
vn 0.9573 0.2889 -0.0000
vn -0.3447 -0.6225 0.7026
vn -0.5232 -0.8522 -0.0000
vn -0.0116 -0.9999 -0.0000
vn -0.0821 -0.7554 0.6501
vn -0.7255 -0.2540 0.6397
vn -0.9648 -0.2628 -0.0000
vn -0.7164 -0.6977 -0.0000
vn -0.5432 -0.4655 0.6988
vn 0.0729 -0.0556 0.9958
vn 0.4714 -0.3576 0.8062
vn -0.3447 -0.6225 -0.7026
vn -0.0821 -0.7554 -0.6501
vn -0.7255 -0.2540 -0.6397
vn -0.4887 0.3685 -0.7908
vn -0.1213 0.0915 -0.9884
vn -0.5432 -0.4655 -0.6987
vn 0.0449 0.7674 0.6396
vn -0.7984 0.6021 -0.0000
vn -0.4887 0.3686 0.7908
vn -0.4887 0.3686 -0.7908
vn 0.7992 -0.6011 0.0002
vn 0.4715 -0.3575 0.8061
vn 0.9574 0.2889 -0.0000
vn 0.4715 -0.3576 -0.8061
vn 0.2484 -0.7591 -0.6017
vn 0.4538 -0.8911 0.0075
vn 0.1625 -0.8298 -0.5338
vn 0.4538 -0.8911 0.0076
vn 0.2544 -0.7494 0.6113
vn -0.2036 -0.5213 0.8288
vn -0.2340 -0.6321 0.7387
vn -0.2036 -0.5212 0.8288
vn -0.6951 -0.3962 0.5999
vn -0.2341 -0.6321 0.7387
vn -0.6951 -0.3961 0.5999
vn -0.9309 -0.3654 0.0026
vn -0.6606 -0.5260 0.5357
vn -0.9309 -0.3654 0.0025
vn -0.7032 -0.3950 -0.5912
vn -0.6676 -0.5292 -0.5237
vn -0.8650 -0.5018 0.0040
vn -0.7031 -0.3950 -0.5912
vn -0.2172 -0.5274 -0.8214
vn -0.2464 -0.6420 -0.7261
vn -0.6675 -0.5293 -0.5238
vn -0.2171 -0.5274 -0.8214
vn 0.2484 -0.7591 -0.6018
vn -0.2463 -0.6420 -0.7260
vn -0.0000 -0.0000 1.0000
vn -0.7465 -0.0000 0.6653
vn -0.6155 -0.5590 0.5556
vn -0.0000 -0.7066 0.7076
vn -0.0000 0.7066 0.7076
vn -0.6155 0.5590 0.5556
vn -0.9891 -0.0009 -0.1472
vn -0.7567 -0.0003 -0.6538
vn -0.6178 -0.5925 -0.5170
vn -0.7053 -0.6895 -0.1645
vn -0.6176 0.5922 -0.5175
vn -0.0000 0.7439 -0.6683
vn -0.0000 -0.0000 -1.0000
vn -0.0000 -0.7441 -0.6681
vn -0.7164 0.6940 -0.0720
vn -0.7073 0.6992 -0.1046
vn -0.9958 -0.0026 -0.0914
vn -0.9991 -0.0019 -0.0434
vn -0.7053 0.6891 -0.1662
vn -0.7067 -0.7002 -0.1019
vn -0.7155 -0.6948 -0.0726
vn -0.0000 0.9860 -0.1669
vn 0.4048 0.5801 -0.7068
vn 0.5809 0.8140 -0.0000
vn 0.4047 0.5801 0.7069
vn -0.0210 0.0158 0.9997
vn -0.4463 -0.5489 0.7068
vn -0.6225 -0.7826 -0.0000
vn -0.4463 -0.5489 -0.7068
vn -0.0210 0.0158 -0.9997
vn 0.4048 0.5801 -0.7069
vn 0.0449 0.7674 -0.6397
vn 0.7017 0.1229 -0.7018
vn 0.9936 0.1126 -0.0001
vn 0.9758 -0.2186 -0.0000
vn 0.6890 -0.2173 -0.6914
vn 0.6311 -0.7757 -0.0000
vn 0.5134 -0.6837 -0.5186
vn 0.6890 -0.2173 0.6914
vn 0.5134 -0.6837 0.5186
vn 0.7018 0.1227 0.7018
vn 0.0002 0.1385 0.9904
vn -0.0022 -0.2005 0.9797
vn -0.0051 -0.7691 0.6391
vn -0.6951 -0.1920 0.6928
vn -0.5260 -0.6724 0.5207
vn -0.6981 0.1592 0.6981
vn -0.9864 0.1643 -0.0002
vn -0.9832 -0.1824 -0.0000
vn -0.6471 -0.7624 -0.0000
vn -0.6951 -0.1920 -0.6928
vn -0.5260 -0.6724 -0.5207
vn -0.6980 0.1591 -0.6982
vn -0.0000 0.1386 -0.9903
vn -0.0022 -0.2005 -0.9797
vn -0.0051 -0.7691 -0.6392
vn 0.6889 -0.2173 -0.6915
vn 0.7017 0.1228 -0.7018
vn 0.5238 0.6775 0.5163
vn 0.6348 0.7727 -0.0000
vn 0.0099 1.0000 -0.0003
vn 0.0073 0.7839 0.6209
vn -0.6071 0.7946 -0.0000
vn -0.5031 0.6974 0.5105
vn 0.0073 0.7839 -0.6209
vn -0.5031 0.6974 -0.5105
vn 0.5238 0.6775 -0.5164
vn -0.0060 -1.0000 -0.0001
vn -0.0051 -0.7691 -0.6391
vn 0.0073 0.7838 -0.6209
vn 0.0031 0.3724 -0.9280
vn -0.6473 0.3974 -0.6505
vn 0.6607 0.3619 -0.6577
vn -0.9175 0.3977 -0.0000
vn -0.6472 0.3974 0.6505
vn 0.5239 0.6774 0.5164
vn 0.0073 0.7838 0.6210
vn 0.0030 0.3725 0.9280
vn 0.6607 0.3619 0.6576
vn 0.9380 0.3466 -0.0000
vn 0.6607 0.3619 -0.6576
vn -0.5868 -0.4901 -0.6446
vn -0.8272 -0.4396 0.3499
vn -0.7702 -0.5154 -0.3757
vn -0.5602 -0.4902 0.6678
vn 0.1802 0.4020 -0.8977
vn 0.7346 0.1340 -0.6651
vn 0.4791 -0.4693 -0.7417
vn -0.0990 -0.1881 -0.9772
vn -0.3853 0.6442 -0.6607
vn 0.1803 0.4020 -0.8977
vn -0.0991 -0.1881 -0.9772
vn -0.6931 -0.0133 -0.7207
vn -0.6673 0.7446 0.0185
vn -0.6932 -0.0133 -0.7206
vn -0.9991 0.0427 0.0031
vn -0.3776 0.6214 0.6865
vn -0.9991 0.0427 0.0032
vn -0.6817 -0.0161 0.7314
vn 0.1856 0.3931 0.9006
vn -0.3776 0.6215 0.6865
vn -0.6817 -0.0161 0.7315
vn -0.0812 -0.1872 0.9790
vn 0.7288 0.1410 0.6700
vn 0.1855 0.3931 0.9006
vn 0.4811 -0.4617 0.7452
vn 0.9999 -0.0081 0.0078
vn 0.7288 0.1409 0.6700
vn 0.7641 -0.6451 0.0075
vn 0.7347 0.1340 -0.6651
vn 0.7641 -0.6451 0.0074
vn 0.4791 -0.4694 -0.7417
vn -0.1173 -0.2464 -0.9621
vn 0.4538 -0.5214 -0.7226
vn 0.3549 -0.6506 -0.6713
vn -0.1711 -0.3905 -0.9046
vn -0.7038 -0.0720 -0.7068
vn -0.1174 -0.2463 -0.9620
vn -0.1712 -0.3905 -0.9046
vn -0.7159 -0.2315 -0.6587
vn -0.9998 -0.0190 0.0026
vn -0.7038 -0.0720 -0.7067
vn -0.7160 -0.2315 -0.6586
vn -0.9823 -0.1874 0.0024
vn -0.6948 -0.0821 0.7145
vn -0.9998 -0.0191 0.0026
vn -0.7071 -0.2380 0.6658
vn -0.1036 -0.2510 0.9624
vn -0.6947 -0.0821 0.7146
vn -0.7071 -0.2380 0.6659
vn -0.1576 -0.3900 0.9072
vn 0.4545 -0.5157 0.7263
vn -0.1035 -0.2510 0.9624
vn -0.1576 -0.3901 0.9072
vn 0.3581 -0.6428 0.6772
vn 0.7286 -0.6849 0.0073
vn 0.4546 -0.5157 0.7262
vn 0.3581 -0.6429 0.6771
vn 0.5984 -0.8012 0.0072
vn 0.4538 -0.5215 -0.7226
vn 0.3550 -0.6507 -0.6713
vn -0.3853 0.6441 -0.6608
vn -0.3777 0.6214 0.6865
vn 0.1802 0.4019 -0.8978
vn 0.7347 0.1339 -0.6651
vn -0.3854 0.6441 -0.6608
vn 0.1803 0.4019 -0.8978
vn -0.7182 -0.6550 0.2349
vn -0.7203 -0.6914 0.0563
vn -0.0000 -0.9950 0.1000
vn -0.0000 -0.9589 0.2836
vn -0.0000 0.9589 0.2837
vn -0.0000 0.9950 0.1000
vn -0.7203 0.6914 0.0564
vn -0.7181 0.6550 0.2349
vn -0.9857 -0.0000 0.1686
vn -0.9986 -0.0000 0.0529
vn -0.7183 -0.6936 -0.0547
vn -0.0000 -0.9955 -0.0946
vn -0.0000 -0.9958 -0.0912
vn -0.0000 0.9961 -0.0880
vn -0.0000 0.9956 -0.0938
vn -0.7189 0.6933 -0.0513
vn -0.9999 -0.0016 -0.0107
vn -0.7315 0.6782 -0.0708
vn -0.9992 -0.0003 -0.0410
vn -0.7313 -0.6782 -0.0718
vn -0.0000 -0.9956 -0.0933
vn -0.0000 0.9957 -0.0923
vn -0.0000 -0.9946 -0.1040
vn -0.0000 0.9943 -0.1065
vn -0.0000 -0.9862 -0.1656
vn -0.0000 -0.9957 -0.0930
vn -0.7265 -0.6842 -0.0644
vn -0.7268 0.6840 -0.0623
vn -0.0000 0.9959 -0.0910
vn -0.9996 -0.0007 -0.0278
vn -0.7080 -0.6954 -0.1230
vn -0.9937 -0.0019 -0.1119
vn -0.7085 0.6945 -0.1256
vn -0.0000 0.9919 -0.1270
vn -0.0000 -0.9922 -0.1250
vn 0.3047 -0.0014 0.9524
vn 0.2865 0.3463 0.8933
vn 0.2826 -0.3564 0.8906
vn 0.1104 -0.7249 -0.6799
vn 0.1522 -0.5361 -0.8303
vn 0.2902 -0.5044 -0.8133
vn 0.2680 -0.6893 -0.6730
vn 0.7495 -0.5731 0.3314
vn 0.5385 -0.5336 0.6522
vn 0.4821 -0.6428 0.5953
vn 0.5919 -0.7418 0.3152
vn 0.6143 -0.3162 0.7230
vn 0.6464 -0.0031 0.7630
vn 0.6046 0.3436 0.7186
vn 0.2673 0.6823 0.6804
vn 0.5028 0.6120 0.6104
vn 0.8294 0.3884 0.4015
vn 0.9118 -0.0050 0.4105
vn 0.9999 0.0166 0.0016
vn 0.8927 0.4493 0.0340
vn 0.8865 -0.2548 0.3864
vn 0.9640 -0.2644 -0.0270
vn 0.9109 0.0321 -0.4113
vn 0.8152 0.4447 -0.3711
vn 0.8662 -0.3104 -0.3915
vn 0.5936 0.7230 0.3535
vn 0.8163 -0.5756 -0.0482
vn 0.6491 -0.7600 -0.0313
vn 0.5766 -0.4836 -0.6585
vn 0.7702 -0.5154 -0.3758
vn 0.6223 -0.6990 -0.3522
vn 0.5231 -0.5929 -0.6122
vn 0.8912 -0.4517 -0.0407
vn 0.7918 -0.4776 -0.3806
vn 0.8662 -0.3105 -0.3915
vn 0.6303 -0.3273 -0.7040
vn 0.6456 0.0125 -0.7635
vn 0.5729 0.3760 -0.7283
vn 0.5598 0.7620 -0.3256
vn 0.4523 0.6497 -0.6110
vn 0.6161 0.7871 0.0286
vn 0.2691 0.3487 -0.8978
vn 0.3057 -0.0059 -0.9521
vn 0.3049 -0.3640 -0.8801
vn 0.2454 0.6893 -0.6817
vn 0.2996 -0.5226 -0.7982
vn 0.2858 0.8939 0.3453
vn 0.2991 0.9542 0.0065
vn 0.2713 0.9007 -0.3392
vn 0.2673 0.6824 0.6804
vn 0.2454 0.6894 -0.6816
vn 0.2597 -0.9121 0.3174
vn 0.2850 -0.9585 -0.0106
vn 0.2849 -0.9585 -0.0107
vn 0.2724 -0.9033 -0.3315
vn 0.4820 -0.6429 0.5952
vn 0.2461 -0.7072 0.6627
vn 0.2597 -0.9120 0.3175
vn 0.5918 -0.7419 0.3153
vn 0.2678 -0.5301 0.8046
vn 0.6223 -0.6991 -0.3522
vn 0.2724 -0.9032 -0.3316
vn 0.2681 -0.6894 -0.6730
vn 0.5231 -0.5930 -0.6122
vn 0.6491 -0.7601 -0.0314
vn 0.2850 -0.9585 -0.0107
vn 0.2725 -0.9033 -0.3315
vn 0.5918 -0.7419 0.3152
vn 0.2597 -0.9120 0.3174
vn 0.6491 -0.7601 -0.0313
vn 0.3041 -0.1474 0.9412
vn 0.3026 0.0496 0.9518
vn 0.2805 -0.4202 0.8630
vn 0.2478 -0.7375 0.6282
vn 0.4735 -0.6757 0.5650
vn 0.5861 -0.4282 0.6879
vn 0.6382 -0.1680 0.7513
vn 0.6428 0.0395 0.7650
vn 0.2849 0.3050 0.9087
vn 0.6082 0.3094 0.7310
vn 0.9096 0.0286 0.4145
vn 0.8942 -0.1905 0.4051
vn 0.9798 -0.2000 -0.0003
vn 0.9997 0.0238 -0.0000
vn 0.8008 -0.4767 0.3626
vn 0.8621 -0.5067 -0.0012
vn 0.8942 -0.1909 -0.4050
vn 0.9096 0.0286 -0.4146
vn 0.8005 -0.4769 -0.3630
vn 0.8635 0.3115 0.3965
vn 0.5574 -0.7717 0.3063
vn 0.5882 -0.8087 -0.0026
vn 0.5593 -0.7700 -0.3070
vn 0.4755 -0.6767 -0.5620
vn 0.5867 -0.4295 -0.6865
vn 0.6384 -0.1683 -0.7511
vn 0.6428 0.0396 -0.7650
vn 0.8636 0.3114 -0.3965
vn 0.6082 0.3094 -0.7310
vn 0.9503 0.3112 0.0001
vn 0.3025 0.0495 -0.9519
vn 0.3039 -0.1469 -0.9413
vn 0.2803 -0.4206 -0.8629
vn 0.2849 0.3047 -0.9088
vn 0.2490 -0.7378 -0.6274
vn 0.1042 0.9854 0.1349
vn 0.1103 0.9939 0.0001
vn 0.1043 0.9854 -0.1346
vn 0.0930 0.9453 0.3127
vn 0.2001 0.9438 0.2631
vn 0.2335 0.9622 0.1400
vn 0.2451 0.9695 0.0001
vn 0.2336 0.9622 -0.1398
vn 0.2004 0.9438 -0.2630
vn 0.1046 0.9509 -0.2914
vn 0.2494 -0.9226 0.2942
vn 0.2627 -0.9649 -0.0012
vn 0.2515 -0.9220 -0.2943
vn 0.2478 -0.7376 0.6282
vn 0.2490 -0.7379 -0.6273
vn 0.1512 0.8487 -0.5068
vn 0.2279 0.6269 -0.7450
vn 0.4840 0.6426 -0.5940
vn 0.3172 0.8583 -0.4033
vn 0.1046 0.9508 -0.2915
vn 0.6809 0.6600 0.3175
vn 0.7450 0.6671 0.0002
vn 0.4291 0.8788 0.2089
vn 0.4588 0.8886 -0.0000
vn 0.6808 0.6601 -0.3175
vn 0.4290 0.8788 -0.2090
vn 0.4839 0.6426 0.5940
vn 0.3171 0.8584 0.4033
vn 0.2232 0.6331 0.7412
vn 0.1332 0.8501 0.5094
vn 0.0930 0.9453 0.3128
vn -0.0729 -0.0556 -0.9958
vn -0.4714 -0.3575 -0.8062
vn -0.7007 0.2887 -0.6524
vn -0.5010 0.5037 -0.7038
vn -0.0448 0.7674 -0.6397
vn -0.2983 0.6502 -0.6987
vn -0.4739 0.8806 -0.0000
vn 0.0125 0.9999 -0.0000
vn -0.0449 0.7674 0.6397
vn -0.2983 0.6502 0.6987
vn 0.1213 0.0915 0.9884
vn 0.4886 0.3685 0.7908
vn -0.6724 0.7402 -0.0000
vn -0.9573 0.2889 -0.0000
vn -0.7007 0.2887 0.6524
vn -0.5010 0.5036 0.7038
vn 0.3447 -0.6225 0.7026
vn 0.0821 -0.7554 0.6501
vn 0.0116 -0.9999 -0.0000
vn 0.5232 -0.8522 -0.0000
vn 0.7255 -0.2540 0.6397
vn 0.5432 -0.4655 0.6987
vn 0.7164 -0.6977 -0.0000
vn 0.9648 -0.2628 -0.0000
vn -0.0729 -0.0556 0.9958
vn -0.4715 -0.3575 0.8062
vn 0.3447 -0.6225 -0.7026
vn 0.0821 -0.7554 -0.6501
vn 0.7255 -0.2540 -0.6397
vn 0.5432 -0.4655 -0.6987
vn 0.1213 0.0915 -0.9884
vn 0.4886 0.3686 -0.7908
vn -0.0448 0.7673 0.6397
vn 0.4887 0.3686 0.7908
vn 0.7984 0.6021 -0.0000
vn 0.4887 0.3686 -0.7908
vn -0.0449 0.7674 -0.6396
vn -0.4715 -0.3575 0.8061
vn -0.7992 -0.6011 0.0002
vn -0.9574 0.2889 -0.0000
vn -0.4715 -0.3576 -0.8061
vn -0.2484 -0.7591 -0.6017
vn -0.4538 -0.8910 0.0075
vn -0.4538 -0.8911 0.0076
vn -0.1696 -0.8193 0.5477
vn -0.2544 -0.7494 0.6113
vn 0.2340 -0.6322 0.7387
vn 0.2036 -0.5212 0.8288
vn 0.2341 -0.6321 0.7387
vn 0.6951 -0.3961 0.6000
vn 0.6951 -0.3961 0.5999
vn 0.6606 -0.5259 0.5358
vn 0.8650 -0.5018 0.0041
vn 0.9309 -0.3653 0.0026
vn 0.9309 -0.3654 0.0025
vn 0.6676 -0.5293 -0.5237
vn 0.7032 -0.3950 -0.5912
vn 0.7031 -0.3950 -0.5912
vn 0.6675 -0.5292 -0.5238
vn 0.2172 -0.5274 -0.8214
vn 0.2171 -0.5274 -0.8214
vn 0.2463 -0.6420 -0.7261
vn -0.2484 -0.7591 -0.6018
vn 0.6155 -0.5590 0.5556
vn 0.7465 -0.0000 0.6653
vn 0.6155 0.5590 0.5556
vn 0.9891 -0.0009 -0.1472
vn 0.7053 -0.6895 -0.1645
vn 0.6178 -0.5925 -0.5170
vn 0.7567 -0.0003 -0.6538
vn 0.6176 0.5922 -0.5175
vn 0.7164 0.6940 -0.0720
vn 0.9991 -0.0019 -0.0434
vn 0.9958 -0.0026 -0.0914
vn 0.7072 0.6992 -0.1047
vn 0.7053 0.6891 -0.1662
vn 0.7155 -0.6948 -0.0726
vn 0.7068 -0.7000 -0.1020
vn -0.5809 0.8140 -0.0000
vn -0.4048 0.5801 -0.7068
vn -0.4047 0.5801 0.7069
vn 0.0210 0.0158 0.9997
vn 0.4463 -0.5489 0.7068
vn 0.6225 -0.7826 -0.0000
vn 0.4463 -0.5489 -0.7068
vn 0.0210 0.0158 -0.9997
vn -0.4047 0.5801 -0.7069
vn -0.0449 0.7674 -0.6397
vn -0.7017 0.1228 -0.7018
vn -0.6890 -0.2173 -0.6914
vn -0.9758 -0.2186 -0.0000
vn -0.9936 0.1126 -0.0001
vn -0.5134 -0.6837 -0.5186
vn -0.6311 -0.7757 -0.0000
vn -0.5134 -0.6837 0.5187
vn -0.6890 -0.2173 0.6915
vn -0.7018 0.1227 0.7018
vn 0.0022 -0.2005 0.9797
vn -0.0002 0.1385 0.9904
vn 0.0051 -0.7691 0.6391
vn 0.5260 -0.6724 0.5207
vn 0.6951 -0.1920 0.6928
vn 0.6981 0.1592 0.6981
vn 0.9832 -0.1824 -0.0000
vn 0.9864 0.1643 -0.0002
vn 0.6471 -0.7624 -0.0000
vn 0.5260 -0.6724 -0.5207
vn 0.6951 -0.1920 -0.6928
vn 0.6980 0.1591 -0.6982
vn 0.0022 -0.2005 -0.9797
vn 0.0051 -0.7691 -0.6392
vn -0.6889 -0.2173 -0.6915
vn -0.7017 0.1229 -0.7018
vn -0.5238 0.6775 0.5164
vn -0.0073 0.7839 0.6209
vn -0.0097 1.0000 -0.0001
vn -0.6348 0.7727 -0.0000
vn 0.5031 0.6974 0.5105
vn 0.6071 0.7946 -0.0000
vn 0.5031 0.6974 -0.5105
vn -0.0073 0.7839 -0.6209
vn -0.5238 0.6775 -0.5164
vn 0.0060 -1.0000 -0.0001
vn -0.5134 -0.6837 0.5186
vn 0.0051 -0.7691 -0.6391
vn 0.6473 0.3974 -0.6505
vn -0.0031 0.3724 -0.9280
vn -0.0073 0.7838 -0.6210
vn -0.6607 0.3619 -0.6576
vn 0.6472 0.3974 0.6505
vn 0.9175 0.3977 -0.0000
vn -0.5239 0.6774 0.5164
vn -0.6607 0.3619 0.6576
vn -0.0030 0.3725 0.9280
vn -0.0073 0.7838 0.6210
vn -0.5238 0.6775 -0.5163
vn -0.9380 0.3466 -0.0000
vn 0.5868 -0.4901 -0.6446
vn 0.8272 -0.4396 0.3499
vn 0.7702 -0.5154 -0.3757
vn 0.5602 -0.4902 0.6678
vn -0.1803 0.4020 -0.8977
vn 0.0990 -0.1881 -0.9772
vn -0.4791 -0.4694 -0.7417
vn -0.7347 0.1340 -0.6651
vn 0.3853 0.6442 -0.6607
vn 0.6931 -0.0133 -0.7207
vn 0.0991 -0.1881 -0.9772
vn 0.6673 0.7446 0.0185
vn 0.9991 0.0427 0.0031
vn 0.6932 -0.0133 -0.7206
vn 0.3776 0.6214 0.6865
vn 0.6817 -0.0161 0.7314
vn 0.9991 0.0427 0.0032
vn -0.1855 0.3931 0.9006
vn 0.0812 -0.1872 0.9790
vn 0.6817 -0.0161 0.7315
vn 0.3776 0.6215 0.6864
vn -0.7288 0.1410 0.6700
vn -0.4811 -0.4617 0.7452
vn 0.0811 -0.1872 0.9790
vn -0.9999 -0.0081 0.0078
vn -0.7641 -0.6450 0.0075
vn -0.7288 0.1409 0.6700
vn -0.7641 -0.6451 0.0074
vn -0.9999 -0.0082 0.0078
vn 0.1173 -0.2464 -0.9620
vn 0.1711 -0.3905 -0.9046
vn -0.3550 -0.6506 -0.6713
vn -0.4538 -0.5214 -0.7226
vn 0.7038 -0.0720 -0.7068
vn 0.7159 -0.2315 -0.6587
vn 0.1712 -0.3904 -0.9046
vn 0.1174 -0.2463 -0.9620
vn 0.9998 -0.0190 0.0026
vn 0.9823 -0.1874 0.0024
vn 0.7160 -0.2315 -0.6586
vn 0.7038 -0.0720 -0.7067
vn 0.6948 -0.0821 0.7145
vn 0.7071 -0.2380 0.6658
vn 0.1036 -0.2510 0.9624
vn 0.1576 -0.3901 0.9072
vn 0.7071 -0.2380 0.6659
vn 0.6947 -0.0821 0.7146
vn -0.4545 -0.5157 0.7263
vn -0.3580 -0.6429 0.6772
vn 0.1035 -0.2510 0.9624
vn -0.7286 -0.6849 0.0073
vn -0.5984 -0.8012 0.0072
vn -0.3581 -0.6429 0.6771
vn -0.4546 -0.5157 0.7262
vn -0.4538 -0.5215 -0.7226
vn -0.3550 -0.6507 -0.6713
vn 0.3854 0.6442 -0.6607
vn 0.6673 0.7445 0.0185
vn -0.1802 0.4020 -0.8978
vn -0.7347 0.1339 -0.6651
vn 0.3854 0.6441 -0.6608
vn -0.1802 0.4019 -0.8978
vn -0.1855 0.3930 0.9006
vn 0.7182 -0.6550 0.2349
vn 0.7203 -0.6914 0.0563
vn 0.7182 0.6550 0.2349
vn 0.7203 0.6914 0.0564
vn 0.9857 -0.0000 0.1686
vn 0.9986 -0.0000 0.0529
vn 0.7183 -0.6936 -0.0547
vn 0.7188 0.6933 -0.0514
vn 0.9999 -0.0016 -0.0107
vn 0.9992 -0.0003 -0.0410
vn 0.7315 0.6782 -0.0708
vn 0.7313 -0.6782 -0.0718
vn 0.7265 -0.6842 -0.0644
vn 0.7268 0.6840 -0.0623
vn 0.9996 -0.0007 -0.0278
vn 0.9937 -0.0019 -0.1119
vn 0.7080 -0.6954 -0.1230
vn 0.7085 0.6945 -0.1256
vn -0.2724 -0.9032 -0.3316
vn -0.0000 -0.8201 -0.5723
vn -0.0000 -0.9438 -0.3304
vn -0.1104 -0.7250 -0.6798
vn -0.0000 -0.9446 0.3283
vn -0.2596 -0.9120 0.3175
vn 0.2680 -0.6894 -0.6730
vn 0.2461 -0.7073 0.6627
vt 0.740309 0.506753
vt 0.748429 0.506838
vt 0.748475 0.503304
vt 0.610342 0.125739
vt 0.611429 0.130863
vt 0.614679 0.125780
vt 0.555059 0.125208
vt 0.589779 0.157872
vt 0.743384 0.460996
vt 0.816106 0.403770
vt 0.798561 0.468785
vt 0.823678 0.465511
vt 0.818224 0.442208
vt 0.828666 0.409487
vt 0.818399 0.316627
vt 0.823201 0.291066
vt 0.827686 0.347348
vt 0.814747 0.351954
vt 0.742278 0.294835
vt 0.797324 0.287381
vt 0.855331 0.501789
vt 0.867429 0.451917
vt 0.917314 0.508648
vt 0.855550 0.253608
vt 0.917351 0.247148
vt 0.867339 0.303393
vt 0.709542 0.308595
vt 0.710582 0.249136
vt 0.760257 0.303021
vt 0.710150 0.446133
vt 0.761106 0.450132
vt 0.711473 0.505716
vt 0.592619 0.561043
vt 0.614774 0.561624
vt 0.614691 0.616013
vt 0.353754 0.332353
vt 0.345495 0.294830
vt 0.358127 0.228407
vt 0.320433 0.628629
vt 0.309451 0.615146
vt 0.330379 0.522805
vt 0.359633 0.835759
vt 0.352297 0.796686
vt 0.368331 0.732713
vt 0.329449 0.235240
vt 0.315526 0.204694
vt 0.322197 0.128870
vt 0.365041 0.532016
vt 0.354744 0.528454
vt 0.356218 0.427764
vt 0.342804 0.739523
vt 0.329768 0.708730
vt 0.335612 0.636680
vt 0.370886 1.005785
vt 0.359932 0.999060
vt 0.362367 0.901404
vt 0.333503 0.113615
vt 0.324591 0.099697
vt 0.347327 0.006491
vt 0.575409 0.187984
vt 0.567604 0.248668
vt 0.577833 0.248298
vt 0.582759 0.187978
vt 0.595667 0.162111
vt 0.614689 0.132554
vt 0.561134 0.310142
vt 0.553386 0.374830
vt 0.560373 0.374795
vt 0.568756 0.310005
vt 0.556837 0.310252
vt 0.563883 0.310231
vt 0.556160 0.437341
vt 0.563698 0.437916
vt 0.578702 0.500615
vt 0.588668 0.500826
vt 0.585041 0.561186
vt 0.611326 0.624252
vt 0.435769 0.625052
vt 0.435755 0.562551
vt 0.495898 0.562517
vt 0.495701 0.625061
vt 0.555088 0.562493
vt 0.555058 0.624792
vt 0.614773 0.188357
vt 0.616703 0.439492
vt 0.613483 0.500837
vt 0.496464 0.500005
vt 0.555823 0.500383
vt 0.435786 0.499922
vt 0.374371 0.562509
vt 0.374353 0.499752
vt 0.374467 0.625020
vt 0.435453 0.437289
vt 0.429418 0.374975
vt 0.485057 0.374963
vt 0.494913 0.437483
vt 0.538465 0.374434
vt 0.540086 0.437856
vt 0.423709 0.313093
vt 0.477107 0.312620
vt 0.542623 0.311190
vt 0.374698 0.437390
vt 0.615182 0.374569
vt 0.609045 0.248794
vt 0.613304 0.307330
vt 0.547189 0.309991
vt 0.483307 0.250004
vt 0.546486 0.248953
vt 0.426030 0.250552
vt 0.372488 0.313406
vt 0.371526 0.251343
vt 0.424562 0.317063
vt 0.374178 0.375000
vt 0.435283 0.187442
vt 0.435768 0.124948
vt 0.495700 0.124939
vt 0.494581 0.187476
vt 0.554507 0.187502
vt 0.374369 0.187492
vt 0.374467 0.124980
vt 0.249977 0.437428
vt 0.249986 0.375000
vt 0.312460 0.375000
vt 0.312433 0.437409
vt 0.249976 0.312572
vt 0.312433 0.312591
vt 0.249937 0.499677
vt 0.312327 0.499630
vt 0.312328 0.250369
vt 0.249937 0.250324
vt 0.685814 0.439901
vt 0.684009 0.377711
vt 0.748004 0.377939
vt 0.748062 0.440227
vt 0.684071 0.372237
vt 0.685881 0.310078
vt 0.748134 0.309718
vt 0.748085 0.372108
vt 0.620421 0.505924
vt 0.619017 0.444968
vt 0.682156 0.444841
vt 0.681254 0.507880
vt 0.616873 0.301808
vt 0.618710 0.241435
vt 0.681299 0.241789
vt 0.682224 0.304930
vt 0.618961 0.372713
vt 0.619401 0.310082
vt 0.681459 0.309830
vt 0.679814 0.372606
vt 0.620807 0.439212
vt 0.618960 0.377149
vt 0.679781 0.377339
vt 0.681429 0.440046
vt 0.502589 0.625000
vt 0.502593 0.562500
vt 0.540857 0.562505
vt 0.540797 0.625001
vt 0.581131 0.562514
vt 0.581013 0.624940
vt 0.622371 0.562173
vt 0.622271 0.624681
vt 0.581985 0.500113
vt 0.622654 0.500878
vt 0.541134 0.500005
vt 0.502622 0.500000
vt 0.468644 0.562500
vt 0.468644 0.500000
vt 0.468644 0.625000
vt 0.502686 0.437500
vt 0.502724 0.375000
vt 0.541959 0.375000
vt 0.541655 0.437503
vt 0.585072 0.375001
vt 0.584099 0.437626
vt 0.502686 0.312499
vt 0.541655 0.312497
vt 0.583806 0.312339
vt 0.468644 0.437500
vt 0.631719 0.438644
vt 0.633644 0.375000
vt 0.631366 0.311179
vt 0.581985 0.249886
vt 0.622593 0.249097
vt 0.541134 0.249995
vt 0.502623 0.250000
vt 0.468644 0.312500
vt 0.468644 0.250000
vt 0.468643 0.375000
vt 0.502475 0.187500
vt 0.501649 0.125001
vt 0.540469 0.124998
vt 0.540816 0.187495
vt 0.580967 0.125060
vt 0.581125 0.187486
vt 0.468480 0.187500
vt 0.622370 0.187827
vt 0.622269 0.125319
vt 0.467337 0.124999
vt 0.248358 0.437500
vt 0.247611 0.375000
vt 0.303839 0.375000
vt 0.306284 0.437500
vt 0.248358 0.312499
vt 0.306284 0.312500
vt 0.250000 0.500000
vt 0.312500 0.500000
vt 0.355251 0.437500
vt 0.375000 0.500000
vt 0.351106 0.375000
vt 0.355250 0.312500
vt 0.312500 0.250000
vt 0.375000 0.250001
vt 0.250000 0.250000
vt 0.688823 0.439521
vt 0.689876 0.375000
vt 0.750286 0.375000
vt 0.750005 0.439749
vt 0.688824 0.310479
vt 0.750005 0.310251
vt 0.686139 0.502367
vt 0.749390 0.502368
vt 0.686139 0.247633
vt 0.749390 0.247631
vt 0.394573 0.187500
vt 0.394696 0.125000
vt 0.415616 0.124999
vt 0.415827 0.187500
vt 0.415345 0.250000
vt 0.375000 0.187500
vt 0.392944 0.250000
vt 0.414225 0.437500
vt 0.413553 0.375000
vt 0.375000 0.125000
vt 0.388362 0.437500
vt 0.386075 0.375000
vt 0.414226 0.312499
vt 0.388362 0.312500
vt 0.415345 0.500001
vt 0.392944 0.500000
vt 0.415943 0.625000
vt 0.415868 0.562500
vt 0.394736 0.625000
vt 0.394578 0.562500
vt 0.375000 0.562500
vt 0.375000 0.625000
vt 0.536129 0.125000
vt 0.551603 -0.000206
vt 0.625000 0.000000
vt 0.624830 0.124588
vt 0.375000 1.000000
vt 0.375000 0.875000
vt 0.420458 0.875000
vt 0.407289 0.999616
vt 0.375000 0.750000
vt 0.375000 0.625000
vt 0.420457 0.625000
vt 0.407289 0.750000
vt 0.536129 0.875000
vt 0.551603 0.750000
vt 0.625000 0.750000
vt 0.624998 0.875000
vt 0.551570 0.500038
vt 0.536062 0.375001
vt 0.625115 0.375000
vt 0.624834 0.500409
vt 0.375000 0.500000
vt 0.375000 0.375000
vt 0.420457 0.375000
vt 0.407289 0.500000
vt 0.536129 0.625000
vt 0.624830 0.625412
vt 0.551570 0.249962
vt 0.624834 0.249591
vt 0.375000 0.250000
vt 0.375000 0.125000
vt 0.420457 0.125000
vt 0.407289 0.250000
vt 0.551603 1.000206
vt 0.625000 1.000000
vt 0.125000 0.500000
vt 0.125000 0.375000
vt 0.250000 0.375000
vt 0.250000 0.250000
vt 0.125000 0.250000
vt 0.751052 0.375000
vt 0.750345 0.500153
vt 0.875003 0.375000
vt 0.874999 0.500000
vt 0.750344 0.249846
vt 0.875000 0.250000
vt 0.524013 0.966363
vt 0.515303 0.866091
vt 0.558783 0.895339
vt 0.563254 0.945528
vt 0.514925 0.875175
vt 0.523505 0.775485
vt 0.563359 0.794452
vt 0.559002 0.844470
vt 0.521817 0.767183
vt 0.520540 0.667868
vt 0.565061 0.691572
vt 0.564811 0.741358
vt 0.529059 0.675160
vt 0.543428 0.574474
vt 0.589116 0.623666
vt 0.581116 0.673893
vt 0.547321 0.536581
vt 0.543282 0.435908
vt 0.592900 0.481400
vt 0.594277 0.531794
vt 0.545030 0.322180
vt 0.546782 0.221572
vt 0.595338 0.227580
vt 0.594792 0.277996
vt 0.545111 0.180300
vt 0.533377 0.079401
vt 0.586087 0.081460
vt 0.592761 0.131742
vt 0.522665 0.079554
vt 0.528703 -0.022473
vt 0.571089 0.003806
vt 0.569211 0.054721
vt 0.499999 0.625000
vt 0.500000 0.500000
vt 0.625000 0.500000
vt 0.625000 0.625000
vt 0.375000 0.625000
vt 0.375000 0.500000
vt 0.499987 0.296870
vt 0.500000 0.250000
vt 0.625000 0.250000
vt 0.624508 0.296399
vt 0.375000 0.250000
vt 0.375000 0.125000
vt 0.499999 0.125001
vt 0.625000 0.125000
vt 0.375000 0.371655
vt 0.374892 0.351051
vt 0.499995 0.350699
vt 0.500000 0.371655
vt 0.375509 0.296405
vt 0.625125 0.351050
vt 0.625000 0.371654
vt 0.251195 0.296988
vt 0.250000 0.250000
vt 0.477310 0.997304
vt 0.480533 0.875000
vt 0.477311 0.750000
vt 0.480533 0.625000
vt 0.477310 0.500000
vt 0.480533 0.375000
vt 0.477310 0.250000
vt 0.480533 0.125000
vt 0.407289 0.000384
vt 0.477310 0.002696
vt 0.375000 0.000000
vt 0.528578 1.000000
vt 0.519846 0.875000
vt 0.575797 0.875000
vt 0.576789 1.000000
vt 0.625000 0.875000
vt 0.625000 1.000000
vt 0.575598 0.750000
vt 0.625000 0.750000
vt 0.519052 0.750000
vt 0.519052 0.625000
vt 0.575598 0.625000
vt 0.625000 0.625000
vt 0.576131 0.500000
vt 0.625000 0.500000
vt 0.519052 0.500000
vt 0.519052 0.375000
vt 0.577730 0.375001
vt 0.646330 0.375000
vt 0.576131 0.250000
vt 0.625000 0.250000
vt 0.519052 0.250000
vt 0.519845 0.125000
vt 0.575796 0.125000
vt 0.625000 0.125000
vt 0.576789 -0.000000
vt 0.625000 -0.000000
vt 0.528578 0.000000
vt 0.125000 0.500000
vt 0.125000 0.375000
vt 0.248661 0.375000
vt 0.250000 0.500000
vt 0.361608 0.375000
vt 0.375000 0.500000
vt 0.250000 0.250000
vt 0.752134 0.374999
vt 0.750000 0.500000
vt 0.875000 0.375000
vt 0.875000 0.500000
vt 0.750000 0.250000
vt 0.875000 0.250000
vt 0.450796 0.125000
vt 0.450263 0.250000
vt 0.451789 -0.000000
vt 0.375000 -0.000000
vt 0.449259 0.375001
vt 0.450263 0.500000
vt 0.375000 0.625000
vt 0.450598 0.625000
vt 0.450598 0.750000
vt 0.375000 0.875000
vt 0.450796 0.875000
vt 0.451789 1.000000
vt 0.613761 0.311185
vt 0.361393 0.151969
vt 0.391251 -0.084665
vt 0.416973 -0.069582
vt 0.394488 0.134493
vt 0.368765 0.321222
vt 0.352827 0.086250
vt 0.390048 0.084974
vt 0.406279 0.287394
vt 0.374078 0.439931
vt 0.383534 0.210262
vt 0.414898 0.212335
vt 0.407868 0.411176
vt 0.392171 0.546119
vt 0.372996 0.315763
vt 0.406877 0.346072
vt 0.421376 0.545364
vt 0.352895 0.668971
vt 0.374824 0.435200
vt 0.410120 0.468289
vt 0.388714 0.669839
vt 0.382684 0.828415
vt 0.367366 0.601204
vt 0.398329 0.616739
vt 0.409010 0.813368
vt 0.384406 0.948514
vt 0.403639 0.720896
vt 0.421523 0.731921
vt 0.404840 0.929051
vt 0.405852 1.024160
vt 0.386997 0.793585
vt 0.406886 0.812686
vt 0.423386 1.012005
vt 0.426654 0.122478
vt 0.444564 -0.061328
vt 0.483923 -0.046705
vt 0.472107 0.104030
vt 0.441989 0.264166
vt 0.425800 0.081981
vt 0.476500 0.079075
vt 0.491728 0.228319
vt 0.442188 0.393306
vt 0.447661 0.213671
vt 0.494234 0.216373
vt 0.490613 0.364379
vt 0.452502 0.543855
vt 0.440956 0.363898
vt 0.489083 0.392982
vt 0.496884 0.541146
vt 0.423600 0.672498
vt 0.444469 0.491000
vt 0.492264 0.526356
vt 0.473174 0.675157
vt 0.436776 0.805283
vt 0.428987 0.627738
vt 0.472317 0.644799
vt 0.476461 0.790951
vt 0.431125 0.919816
vt 0.446226 0.741741
vt 0.481870 0.756540
vt 0.469254 0.903151
vt 0.447784 1.002030
vt 0.432748 0.822209
vt 0.470286 0.838942
vt 0.482969 0.986708
vt 0.381637 0.440344
vt 0.391282 0.210774
vt 0.399235 0.544343
vt 0.379765 0.314097
vt 0.367117 0.152288
vt 0.397400 -0.084314
vt 0.377682 0.320800
vt 0.361696 0.085862
vt 0.361055 0.669208
vt 0.383008 0.435474
vt 0.388466 0.828332
vt 0.372785 0.601174
vt 0.624095 0.480790
vt 0.625000 0.445492
vt 0.750000 0.445492
vt 0.748806 0.480862
vt 0.251194 0.480862
vt 0.250000 0.445492
vt 0.375000 0.445492
vt 0.375904 0.480790
vt 0.500000 0.480834
vt 0.500000 0.445492
vt 0.625000 0.395655
vt 0.750000 0.371654
vt 0.750000 0.396371
vt 0.250000 0.396388
vt 0.250000 0.371654
vt 0.375000 0.395662
vt 0.500000 0.396323
vt 0.375000 0.424586
vt 0.500000 0.423880
vt 0.625000 0.424586
vt 0.750000 0.424007
vt 0.250000 0.424006
vt 0.250000 0.500000
vt 0.750000 0.500000
vt 0.750653 0.350739
vt 0.249324 0.350738
vt 0.748848 0.296983
vt 0.750000 0.410048
vt 0.624890 0.410048
vt 0.375085 0.410048
vt 0.250000 0.410048
vt 0.500000 0.410048
vt 0.625197 0.333260
vt 0.500002 0.333260
vt 0.374765 0.333261
vt 0.250428 0.333260
vt 0.749556 0.333260
vt 0.685608 0.304253
vt 0.748519 0.246599
vt 0.748435 0.304010
vt 0.741778 0.243134
vt 0.686199 0.243731
vt 0.748387 0.445935
vt 0.685554 0.445601
vt 0.686161 0.506187
s 1
usemtl Material.002
f 994/531/858 995/532/859 996/533/860
f 997/534/861 998/535/862 999/536/863
f 1000/531/864 996/533/860 995/532/859
f 997/534/861 999/536/863 1001/535/865
f 1002/537/866 1003/534/867 1004/538/868
f 1005/539/869 1006/540/870 1007/541/871
f 1008/542/872 1009/543/870 1010/544/873
f 1011/545/874 1012/546/875 1013/547/876
f 1014/548/877 1015/549/878 1016/550/879
f 1017/551/880 1018/552/870 1019/553/881
f 1020/554/879 1021/555/882 1022/556/874
f 1023/557/883 1024/558/884 1025/559/885
f 1026/560/886 1027/561/870 1028/562/887
f 1029/531/888 1030/533/889 1031/532/890
f 1003/534/867 1032/536/891 1033/535/892
f 1034/563/893 1035/564/894 1036/565/895
f 1037/566/896 1038/567/897 1039/568/898
f 1040/569/899 1041/570/900 1042/571/901
f 1043/572/902 1044/573/897 1045/574/903
f 1046/575/904 1047/576/897 1048/577/905
f 1049/578/906 1050/579/897 1051/580/896
f 1052/581/907 1053/582/897 1054/583/908
f 1055/584/909 1056/585/897 1057/586/910
f 1058/587/911 1059/588/897 1060/589/909
f 1002/537/866 1061/538/912 1003/534/867
f 1062/539/913 1063/541/914 1064/540/915
f 1065/542/916 1066/544/917 1067/543/915
f 1068/545/915 1069/547/918 1070/546/919
f 1071/548/920 1072/550/921 1073/549/922
f 1074/551/923 1075/553/916 1076/552/915
f 1077/554/921 1078/556/920 1079/555/924
f 1080/557/925 1081/559/920 1082/558/922
f 1083/560/926 1084/562/927 1085/561/915
f 1086/531/928 1031/532/890 1030/533/889
f 1003/534/867 1087/535/929 1032/536/891
f 1088/563/930 1089/565/931 1090/564/932
f 1091/566/933 1092/568/934 1093/567/935
f 1094/569/936 1095/571/937 1096/570/938
f 1097/572/939 1098/574/940 1099/573/935
f 1100/575/941 1101/577/942 1102/576/935
f 1103/578/937 1104/580/933 1105/579/935
f 1106/581/943 1107/583/944 1108/582/935
f 1109/584/945 1110/586/946 1111/585/935
f 1112/587/947 1113/589/945 1114/588/935
f 1115/590/948 1116/591/949 1117/592/950
f 1115/590/948 1117/592/950 1118/593/951
f 997/534/952 1119/538/953 1120/594/954
f 997/534/952 1120/594/954 1121/595/955
f 1119/538/953 1115/590/948 1118/593/951
f 1119/538/953 1118/593/951 1120/594/954
f 1122/596/956 1123/597/957 1124/598/958
f 1122/596/956 1124/598/958 1125/599/959
f 1116/591/949 1126/600/960 1127/601/961
f 1116/591/949 1127/601/961 1117/592/950
f 1123/597/957 1128/602/962 1129/603/963
f 1123/597/957 1129/603/963 1124/598/958
f 1128/602/962 1130/604/964 1131/605/965
f 1128/602/962 1131/605/965 1129/603/963
f 1132/606/966 1133/607/859 1134/565/858
f 1132/606/966 1134/565/858 1135/563/967
f 1130/604/964 1132/606/966 1135/563/967
f 1130/604/964 1135/563/967 1131/605/965
f 1136/590/968 1137/593/969 1138/592/970
f 1136/590/968 1138/592/970 1139/591/971
f 997/534/952 1140/595/972 1141/594/973
f 997/534/952 1141/594/973 1142/538/974
f 1142/538/974 1141/594/973 1137/593/969
f 1142/538/974 1137/593/969 1136/590/968
f 1143/596/975 1144/599/976 1145/598/977
f 1143/596/975 1145/598/977 1146/597/978
f 1139/591/971 1138/592/970 1147/601/979
f 1139/591/971 1147/601/979 1148/600/975
f 1146/597/978 1145/598/977 1149/603/980
f 1146/597/978 1149/603/980 1150/602/981
f 1150/602/981 1149/603/980 1151/605/982
f 1150/602/981 1151/605/982 1152/604/983
f 1153/606/984 1154/563/985 1155/565/864
f 1153/606/984 1155/565/864 1133/607/859
f 1152/604/983 1151/605/982 1154/563/985
f 1152/604/983 1154/563/985 1153/606/984
f 1156/608/986 1157/609/987 1158/610/988
f 1156/608/986 1158/610/988 1159/611/989
f 1159/611/989 1158/610/988 1160/612/990
f 1159/611/989 1160/612/990 1161/613/991
f 1162/595/992 1163/614/993 1164/593/994
f 1162/595/992 1164/593/994 1165/594/995
f 1166/603/996 1167/615/997 1168/616/998
f 1166/603/996 1168/616/998 1169/605/999
f 1158/610/988 1170/617/1000 1171/618/1001
f 1158/610/988 1171/618/1001 1160/612/990
f 1157/609/987 1172/619/1002 1170/617/1000
f 1157/609/987 1170/617/1000 1158/610/988
f 1173/620/1003 1174/621/1004 1172/619/1002
f 1173/620/1003 1172/619/1002 1157/609/987
f 1175/622/1005 1173/620/1003 1157/609/987
f 1175/622/1005 1157/609/987 1156/608/986
f 1176/623/1006 1177/624/1007 1178/625/1008
f 1176/623/1006 1178/625/1008 1179/626/1009
f 1179/626/1009 1178/625/1008 1180/627/1010
f 1179/626/1009 1180/627/1010 1181/628/1011
f 1177/624/1007 1182/629/1012 1183/630/1013
f 1177/624/1007 1183/630/1013 1178/625/1008
f 1178/625/1008 1183/630/1013 1184/631/1014
f 1178/625/1008 1184/631/1014 1180/627/1010
f 1174/621/1004 1185/632/1015 1176/623/1006
f 1174/621/1004 1176/623/1006 1172/619/1002
f 1172/619/1002 1176/623/1006 1179/626/1009
f 1172/619/1002 1179/626/1009 1170/617/1000
f 1170/617/1000 1179/626/1009 1181/628/1011
f 1170/617/1000 1181/628/1011 1171/618/1001
f 1169/605/999 1168/616/998 1035/564/894
f 1169/605/999 1035/564/894 1034/563/893
f 1186/598/1016 1187/633/1017 1167/615/997
f 1186/598/1016 1167/615/997 1166/603/996
f 1188/592/1018 1189/634/1019 1190/635/1020
f 1188/592/1018 1190/635/1020 1191/601/1021
f 1180/627/1010 1192/636/1022 1193/596/1023
f 1180/627/1010 1193/596/1023 1194/597/1024
f 1183/630/1013 1195/637/1025 1196/638/1026
f 1183/630/1013 1196/638/1026 1184/631/1014
f 1182/629/1012 1197/639/1027 1195/637/1025
f 1182/629/1012 1195/637/1025 1183/630/1013
f 1198/640/1028 1199/641/1029 1197/639/1027
f 1198/640/1028 1197/639/1027 1200/642/1012
f 1201/643/1030 1198/640/1028 1182/629/1012
f 1201/643/1030 1182/629/1012 1177/624/1007
f 1185/632/1015 1201/643/1030 1177/624/1007
f 1185/632/1015 1177/624/1007 1176/623/1006
f 1202/644/1031 1203/645/1032 1204/646/1033
f 1202/644/1031 1204/646/1033 1205/647/1034
f 1205/647/1034 1204/646/1033 1002/537/866
f 1205/647/1034 1002/537/866 1206/648/1035
f 1199/641/1029 1207/649/1036 1202/644/1031
f 1199/641/1029 1202/644/1031 1197/639/1027
f 1197/639/1027 1202/644/1031 1205/647/1034
f 1197/639/1027 1205/647/1034 1195/637/1025
f 1195/637/1025 1205/647/1034 1206/648/1035
f 1195/637/1025 1206/648/1035 1196/638/1026
f 1164/593/994 1163/614/993 1189/634/1019
f 1164/593/994 1189/634/1019 1188/592/1018
f 1206/648/1035 1002/537/866 1004/538/868
f 1206/648/1035 1004/538/868 1208/590/1037
f 1207/649/1036 1209/650/1038 1203/645/1032
f 1207/649/1036 1203/645/1032 1202/644/1031
f 1210/651/1039 1211/652/1040 1212/653/1041
f 1210/651/1039 1212/653/1041 1213/654/1042
f 1211/652/1040 1214/655/1043 1215/656/1044
f 1211/652/1040 1215/656/1044 1212/653/1041
f 1216/657/1005 1210/651/1039 1213/654/1042
f 1216/657/1005 1213/654/1042 1217/658/1045
f 1217/658/1045 1213/654/1042 1185/632/1015
f 1217/658/1045 1185/632/1015 1174/621/1004
f 1213/654/1042 1212/653/1041 1201/643/1030
f 1213/654/1042 1201/643/1030 1185/632/1015
f 1212/653/1041 1215/656/1044 1198/640/1028
f 1212/653/1041 1198/640/1028 1201/643/1030
f 1215/656/1044 1218/659/1046 1199/641/1029
f 1215/656/1044 1199/641/1029 1198/640/1028
f 1214/655/1043 1219/660/1047 1218/659/1046
f 1214/655/1043 1218/659/1046 1215/656/1044
f 1220/661/1048 1221/662/1049 1222/663/1050
f 1220/661/1048 1222/663/1050 1223/664/1051
f 1224/665/1052 1225/666/1053 1226/667/1054
f 1224/665/1052 1226/667/1054 1227/668/1050
f 1228/669/1055 1229/670/1056 1230/671/1057
f 1228/669/1055 1230/671/1057 1231/672/1058
f 1161/613/991 1160/612/990 1232/606/1059
f 1161/613/991 1232/606/1059 1233/607/890
f 1234/673/1060 1235/674/1061 1236/675/1062
f 1234/673/1060 1236/675/1062 1237/676/1063
f 1238/677/1064 1239/678/1060 1240/679/1053
f 1238/677/1064 1240/679/1053 1241/680/1049
f 1242/681/1065 1243/682/1066 1244/683/1067
f 1242/681/1065 1244/683/1067 1245/684/1068
f 1246/685/1069 1247/686/1070 1248/687/1071
f 1246/685/1069 1248/687/1071 1249/688/1072
f 1249/688/1072 1248/687/1071 1250/689/1073
f 1249/688/1072 1250/689/1073 1251/690/1074
f 1251/690/1074 1250/689/1073 1252/691/1075
f 1251/690/1074 1252/691/1075 1253/692/1076
f 1250/689/1073 1254/693/1077 1255/694/1078
f 1250/689/1073 1255/694/1078 1252/691/1075
f 1248/687/1071 1256/695/1079 1254/693/1077
f 1248/687/1071 1254/693/1077 1250/689/1073
f 1247/686/1070 1257/696/1080 1256/695/1079
f 1247/686/1070 1256/695/1079 1248/687/1071
f 1258/697/1081 1259/698/1082 1257/696/1080
f 1258/697/1081 1257/696/1080 1247/686/1070
f 1260/699/1083 1258/697/1081 1247/686/1070
f 1260/699/1083 1247/686/1070 1246/685/1069
f 1261/700/1084 1262/701/1085 1263/702/1086
f 1261/700/1084 1263/702/1086 1264/703/1087
f 1264/703/1087 1263/702/1086 1265/704/1088
f 1264/703/1087 1265/704/1088 1266/705/1089
f 1262/701/1085 1267/706/1090 1268/707/1091
f 1262/701/1085 1268/707/1091 1263/702/1086
f 1263/702/1086 1268/707/1091 1269/708/1092
f 1263/702/1086 1269/708/1092 1265/704/1088
f 1259/698/1082 1270/709/1093 1261/700/1084
f 1259/698/1082 1261/700/1084 1257/696/1080
f 1257/696/1080 1261/700/1084 1264/703/1087
f 1257/696/1080 1264/703/1087 1256/695/1079
f 1256/695/1079 1264/703/1087 1266/705/1089
f 1256/695/1079 1266/705/1089 1254/693/1077
f 1254/693/1077 1266/705/1089 1271/710/1094
f 1254/693/1077 1271/710/1094 1255/694/1078
f 1266/705/1089 1265/704/1088 1272/711/1095
f 1266/705/1089 1272/711/1095 1271/710/1094
f 1265/704/1088 1269/708/1092 1273/712/1096
f 1265/704/1088 1273/712/1096 1272/711/1095
f 1269/708/1092 1274/713/1097 1275/714/1098
f 1269/708/1092 1275/714/1098 1273/712/1096
f 1268/707/1091 1276/715/1099 1274/713/1097
f 1268/707/1091 1274/713/1097 1269/708/1092
f 1267/706/1090 1277/716/1100 1276/715/1099
f 1267/706/1090 1276/715/1099 1268/707/1091
f 1278/717/1101 1279/718/1102 1277/716/1100
f 1278/717/1101 1277/716/1100 1267/706/1090
f 1280/719/1103 1278/717/1101 1267/706/1090
f 1280/719/1103 1267/706/1090 1262/701/1085
f 1270/709/1093 1280/719/1103 1262/701/1085
f 1270/709/1093 1262/701/1085 1261/700/1084
f 1281/720/1104 1282/721/1105 1283/722/1106
f 1281/720/1104 1283/722/1106 1284/723/1107
f 1284/723/1107 1283/722/1106 1285/724/1108
f 1284/723/1107 1285/724/1108 1286/725/1109
f 1279/718/1102 1287/726/1110 1281/720/1104
f 1279/718/1102 1281/720/1104 1277/716/1100
f 1277/716/1100 1281/720/1104 1284/723/1107
f 1277/716/1100 1284/723/1107 1276/715/1099
f 1276/715/1099 1284/723/1107 1286/725/1109
f 1276/715/1099 1286/725/1109 1274/713/1097
f 1274/713/1097 1286/725/1109 1288/727/1111
f 1274/713/1097 1288/727/1111 1275/714/1098
f 1286/725/1109 1285/724/1108 1289/728/1112
f 1286/725/1109 1289/728/1112 1288/727/1111
f 1287/726/1110 1290/729/1113 1282/721/1105
f 1287/726/1110 1282/721/1105 1281/720/1104
f 1291/730/1114 1292/731/1115 1293/732/1116
f 1291/730/1114 1293/732/1116 1294/733/1117
f 1292/731/1115 1295/734/1118 1296/735/1119
f 1292/731/1115 1296/735/1119 1293/732/1116
f 1297/736/1120 1291/730/1114 1294/733/1117
f 1297/736/1120 1294/733/1117 1298/737/1121
f 1298/737/1121 1294/733/1117 1299/738/1122
f 1298/737/1121 1299/738/1122 1300/739/1123
f 1294/733/1117 1293/732/1116 1301/740/1124
f 1294/733/1117 1301/740/1124 1299/738/1122
f 1293/732/1116 1296/735/1119 1302/741/1125
f 1293/732/1116 1302/741/1125 1301/740/1124
f 1296/735/1119 1303/742/1126 1304/743/1127
f 1296/735/1119 1304/743/1127 1302/741/1125
f 1295/734/1118 1305/744/1128 1303/742/1126
f 1295/734/1118 1303/742/1126 1296/735/1119
f 1306/745/1129 1307/746/1130 1308/747/1131
f 1306/745/1129 1308/747/1131 1309/748/1132
f 1307/746/1130 1310/749/1133 1311/750/1134
f 1307/746/1130 1311/750/1134 1308/747/1131
f 1255/694/1078 1271/710/1094 1306/745/1129
f 1255/694/1078 1306/745/1129 1312/751/1135
f 1312/751/1135 1306/745/1129 1309/748/1132
f 1312/751/1135 1309/748/1132 1313/752/1136
f 1310/749/1133 1314/753/1137 1315/754/1112
f 1310/749/1133 1315/754/1112 1311/750/1134
f 1273/712/1096 1275/714/1098 1314/753/1137
f 1273/712/1096 1314/753/1137 1310/749/1133
f 1272/711/1095 1273/712/1096 1310/749/1133
f 1272/711/1095 1310/749/1133 1307/746/1130
f 1271/710/1094 1272/711/1095 1307/746/1130
f 1271/710/1094 1307/746/1130 1306/745/1129
f 1316/755/1138 1317/756/1139 1318/757/1140
f 1316/755/1138 1318/757/1140 1319/758/1141
f 1279/718/1102 1320/759/1142 1319/758/1141
f 1279/718/1102 1319/758/1141 1287/726/1110
f 1304/743/1127 1321/760/1143 1316/755/1138
f 1304/743/1127 1316/755/1138 1322/761/1144
f 1322/761/1144 1316/755/1138 1319/758/1141
f 1322/761/1144 1319/758/1141 1320/759/1142
f 1323/762/1145 1324/763/1146 1280/719/1103
f 1323/762/1145 1280/719/1103 1270/709/1093
f 1321/760/1143 1325/764/1147 1317/756/1139
f 1321/760/1143 1317/756/1139 1316/755/1138
f 1326/765/1148 1327/766/1149 1324/763/1146
f 1326/765/1148 1324/763/1146 1323/762/1145
f 1324/763/1146 1328/767/1150 1278/717/1101
f 1324/763/1146 1278/717/1101 1280/719/1103
f 1327/766/1149 1329/768/1151 1328/767/1150
f 1327/766/1149 1328/767/1150 1324/763/1146
f 1259/698/1082 1330/769/1152 1323/762/1145
f 1259/698/1082 1323/762/1145 1270/709/1093
f 1300/739/1123 1299/738/1122 1326/765/1148
f 1300/739/1123 1326/765/1148 1331/770/1153
f 1331/770/1153 1326/765/1148 1323/762/1145
f 1331/770/1153 1323/762/1145 1330/769/1152
f 1328/767/1150 1320/759/1142 1279/718/1102
f 1328/767/1150 1279/718/1102 1278/717/1101
f 1329/768/1151 1322/761/1144 1320/759/1142
f 1329/768/1151 1320/759/1142 1328/767/1150
f 1302/741/1125 1304/743/1127 1322/761/1144
f 1302/741/1125 1322/761/1144 1329/768/1151
f 1301/740/1124 1302/741/1125 1329/768/1151
f 1301/740/1124 1329/768/1151 1327/766/1149
f 1299/738/1122 1301/740/1124 1327/766/1149
f 1299/738/1122 1327/766/1149 1326/765/1148
f 1332/771/1154 1333/772/1155 1258/697/1081
f 1332/771/1154 1258/697/1081 1260/699/1083
f 1334/773/1156 1335/774/1157 1333/772/1155
f 1334/773/1156 1333/772/1155 1332/771/1154
f 1333/772/1155 1330/769/1152 1259/698/1082
f 1333/772/1155 1259/698/1082 1258/697/1081
f 1335/774/1157 1331/770/1153 1330/769/1152
f 1335/774/1157 1330/769/1152 1333/772/1155
f 1336/775/1158 1300/739/1123 1331/770/1153
f 1336/775/1158 1331/770/1153 1335/774/1157
f 1337/776/1159 1336/775/1158 1335/774/1157
f 1337/776/1159 1335/774/1157 1334/773/1156
f 1338/777/1160 1339/778/1161 1340/779/1162
f 1338/777/1160 1340/779/1162 1341/780/1163
f 1342/781/1164 1343/782/1165 1344/783/1166
f 1342/781/1164 1344/783/1166 1345/784/1167
f 1346/785/1168 1347/786/1169 1348/787/1170
f 1346/785/1168 1348/787/1170 1349/788/1171
f 1350/789/1172 1351/790/1173 1352/791/1174
f 1350/789/1172 1352/791/1174 1353/792/1175
f 1354/793/1176 1355/794/1177 1356/795/1178
f 1354/793/1176 1356/795/1178 1357/796/1179
f 1343/782/1165 1346/785/1168 1349/788/1171
f 1343/782/1165 1349/788/1171 1344/783/1166
f 1358/797/1180 1359/798/1181 1360/799/1182
f 1358/797/1180 1360/799/1182 1361/800/1183
f 1362/801/1184 1354/793/1176 1357/796/1179
f 1362/801/1184 1357/796/1179 1363/802/1185
f 1364/803/1186 1338/777/1160 1341/780/1163
f 1364/803/1186 1341/780/1163 1365/804/1187
f 1347/786/1169 1358/797/1180 1361/800/1183
f 1347/786/1169 1361/800/1183 1348/787/1170
f 1366/805/1188 1367/806/1189 1368/807/1190
f 1366/805/1188 1368/807/1190 1369/808/1191
f 1355/794/1177 1364/803/1186 1365/804/1187
f 1355/794/1177 1365/804/1187 1356/795/1178
f 1359/798/1181 1366/805/1188 1369/808/1191
f 1359/798/1181 1369/808/1191 1360/799/1182
f 1351/790/1173 1362/801/1184 1363/802/1185
f 1351/790/1173 1363/802/1185 1352/791/1174
f 1370/809/1161 1350/789/1172 1353/792/1175
f 1370/809/1161 1353/792/1175 1371/810/1162
f 1372/811/1192 1373/812/1165 1374/813/1193
f 1372/811/1192 1374/813/1193 1375/736/1194
f 1375/736/1194 1374/813/1193 1359/798/1181
f 1375/736/1194 1359/798/1181 1358/797/1180
f 1374/813/1193 1376/814/1195 1366/805/1188
f 1374/813/1193 1366/805/1188 1359/798/1181
f 1373/812/1165 1377/815/1164 1376/814/1195
f 1373/812/1165 1376/814/1195 1374/813/1193
f 1357/796/1179 1356/795/1178 1378/816/1196
f 1357/796/1179 1378/816/1196 1379/817/1197
f 1379/817/1197 1378/816/1196 1380/818/1198
f 1379/817/1197 1380/818/1198 1381/819/1174
f 1378/816/1196 1382/820/1199 1383/821/1162
f 1378/816/1196 1383/821/1162 1380/818/1198
f 1356/795/1178 1365/804/1187 1382/820/1199
f 1356/795/1178 1382/820/1199 1378/816/1196
f 1384/822/1200 1385/823/1201 1386/824/876
f 1384/822/1200 1386/824/876 1387/825/1202
f 1388/826/1203 1389/827/1204 1390/828/872
f 1388/826/1203 1390/828/872 1391/829/873
f 1392/830/1204 1393/831/1205 1394/832/1206
f 1392/830/1204 1394/832/1206 1395/833/881
f 1396/834/1207 1397/835/1208 1398/836/869
f 1396/834/1207 1398/836/869 1399/837/1209
f 1400/838/1210 1401/839/1211 1402/840/886
f 1400/838/1210 1402/840/886 1403/841/1212
f 1404/842/1213 1405/843/1214 1406/844/1215
f 1404/842/1213 1406/844/1215 1407/845/1216
f 1408/846/1217 1409/847/1218 1410/848/1219
f 1408/846/1217 1410/848/1219 1411/849/1220
f 1412/850/1221 1413/851/1222 1414/852/882
f 1412/850/1221 1414/852/882 1415/853/1223
f 1319/758/1141 1318/757/1140 1290/729/1113
f 1319/758/1141 1290/729/1113 1287/726/1110
f 1416/854/1224 1417/855/1225 1418/856/1226
f 1416/854/1224 1418/856/1226 1419/857/1227
f 1420/858/1228 1421/859/1229 1417/855/1225
f 1420/858/1228 1417/855/1225 1416/854/1224
f 1422/860/1230 1423/861/1231 1424/862/1232
f 1422/860/1230 1424/862/1232 1425/863/1233
f 1426/864/1234 1427/865/1235 1428/866/1236
f 1426/864/1234 1428/866/1236 1423/861/1231
f 1423/861/1231 1428/866/1236 1429/867/1237
f 1423/861/1231 1429/867/1237 1424/862/1232
f 1430/868/1238 1431/869/1239 1432/870/1240
f 1430/868/1238 1432/870/1240 1433/871/1241
f 1434/872/1242 1426/864/1234 1423/861/1231
f 1434/872/1242 1423/861/1231 1422/860/1230
f 1433/871/1241 1432/870/1240 1435/873/1243
f 1433/871/1241 1435/873/1243 1436/874/1244
f 1437/875/1245 1438/876/1235 1426/864/1234
f 1437/875/1245 1426/864/1234 1434/872/1242
f 1370/809/1161 1439/877/1246 1440/878/1247
f 1370/809/1161 1440/878/1247 1350/789/1172
f 1439/877/1246 1345/784/1167 1344/783/1166
f 1439/877/1246 1344/783/1166 1440/878/1247
f 1349/788/1171 1441/879/1248 1440/878/1247
f 1349/788/1171 1440/878/1247 1344/783/1166
f 1441/879/1248 1351/790/1173 1350/789/1172
f 1441/879/1248 1350/789/1172 1440/878/1247
f 1351/790/1173 1441/879/1248 1442/880/1249
f 1351/790/1173 1442/880/1249 1362/801/1184
f 1441/879/1248 1349/788/1171 1348/787/1170
f 1441/879/1248 1348/787/1170 1442/880/1249
f 1361/800/1183 1443/881/1250 1442/880/1249
f 1361/800/1183 1442/880/1249 1348/787/1170
f 1443/881/1250 1354/793/1176 1362/801/1184
f 1443/881/1250 1362/801/1184 1442/880/1249
f 1354/793/1176 1443/881/1250 1444/882/1251
f 1354/793/1176 1444/882/1251 1355/794/1177
f 1443/881/1250 1361/800/1183 1360/799/1182
f 1443/881/1250 1360/799/1182 1444/882/1251
f 1369/808/1191 1445/883/1252 1444/882/1251
f 1369/808/1191 1444/882/1251 1360/799/1182
f 1445/883/1252 1364/803/1186 1355/794/1177
f 1445/883/1252 1355/794/1177 1444/882/1251
f 1364/803/1186 1445/883/1252 1446/884/1253
f 1364/803/1186 1446/884/1253 1338/777/1160
f 1445/883/1252 1369/808/1191 1368/807/1190
f 1445/883/1252 1368/807/1190 1446/884/1253
f 1447/885/1167 1448/886/1254 1446/884/1253
f 1447/885/1167 1446/884/1253 1368/807/1190
f 1448/886/1254 1339/778/1161 1338/777/1160
f 1448/886/1254 1338/777/1160 1446/884/1253
f 1367/806/1189 1449/887/1255 1447/885/1167
f 1367/806/1189 1447/885/1167 1368/807/1190
f 1450/888/1256 1451/889/1257 1452/890/1258
f 1450/888/1256 1452/890/1258 1453/891/1259
f 1453/891/1259 1452/890/1258 1454/892/1260
f 1453/891/1259 1454/892/1260 1455/893/1261
f 1452/890/1258 1456/894/1262 1457/895/1263
f 1452/890/1258 1457/895/1263 1454/892/1260
f 1451/889/1257 1458/896/1264 1456/894/1262
f 1451/889/1257 1456/894/1262 1452/890/1258
f 1458/896/1264 1459/897/1265 1460/898/1266
f 1458/896/1264 1460/898/1266 1456/894/1262
f 1456/894/1262 1460/898/1266 1461/899/1267
f 1456/894/1262 1461/899/1267 1457/895/1263
f 1460/898/1266 1462/900/1268 1463/901/1269
f 1460/898/1266 1463/901/1269 1461/899/1267
f 1459/897/1265 1464/902/1270 1462/900/1268
f 1459/897/1265 1462/900/1268 1460/898/1266
f 1464/902/1270 1465/903/1271 1466/904/1272
f 1464/902/1270 1466/904/1272 1462/900/1268
f 1462/900/1268 1466/904/1272 1467/905/1273
f 1462/900/1268 1467/905/1273 1463/901/1269
f 1466/904/1272 1468/906/1274 1469/907/1275
f 1466/904/1272 1469/907/1275 1467/905/1273
f 1465/903/1271 1470/908/1276 1468/906/1274
f 1465/903/1271 1468/906/1274 1466/904/1272
f 1470/908/1276 1471/909/1277 1472/910/1278
f 1470/908/1276 1472/910/1278 1468/906/1274
f 1468/906/1274 1472/910/1278 1473/911/1279
f 1468/906/1274 1473/911/1279 1469/907/1275
f 1472/910/1278 1474/912/1280 1475/913/1261
f 1472/910/1278 1475/913/1261 1473/911/1279
f 1471/909/1277 1476/914/1281 1474/912/1280
f 1471/909/1277 1474/912/1280 1472/910/1278
f 1477/915/1282 1478/916/1283 1479/917/1284
f 1477/915/1282 1479/917/1284 1480/918/1285
f 1480/918/1285 1479/917/1284 1481/919/1286
f 1480/918/1285 1481/919/1286 1482/920/1287
f 1479/917/1284 1483/921/1288 1484/805/1289
f 1479/917/1284 1484/805/1289 1481/919/1286
f 1478/916/1283 1485/815/1290 1483/921/1288
f 1478/916/1283 1483/921/1288 1479/917/1284
f 1463/901/1269 1467/905/1273 1486/922/1291
f 1463/901/1269 1486/922/1291 1487/923/1267
f 1487/923/1267 1486/922/1291 1488/924/1260
f 1487/923/1267 1488/924/1260 1489/925/1263
f 1486/922/1291 1490/926/1292 1491/927/1261
f 1486/922/1291 1491/927/1261 1488/924/1260
f 1467/905/1273 1469/907/1275 1490/926/1292
f 1467/905/1273 1490/926/1292 1486/922/1291
f 1484/805/1289 1492/865/1293 1493/928/1294
f 1484/805/1289 1493/928/1294 1494/929/1295
f 1494/929/1295 1493/928/1294 1471/909/1277
f 1494/929/1295 1471/909/1277 1470/908/1276
f 1493/928/1294 1495/930/1296 1476/914/1281
f 1493/928/1294 1476/914/1281 1471/909/1277
f 1492/865/1293 1496/931/1290 1495/930/1296
f 1492/865/1293 1495/930/1296 1493/928/1294
f 1482/920/1287 1481/919/1286 1497/932/1297
f 1482/920/1287 1497/932/1297 1498/933/1298
f 1498/933/1298 1497/932/1297 1465/903/1271
f 1498/933/1298 1465/903/1271 1464/902/1270
f 1497/932/1297 1494/929/1295 1470/908/1276
f 1497/932/1297 1470/908/1276 1465/903/1271
f 1481/919/1286 1484/805/1289 1494/929/1295
f 1481/919/1286 1494/929/1295 1497/932/1297
f 1499/785/1299 1500/934/1300 1501/935/1301
f 1499/785/1299 1501/935/1301 1502/936/1302
f 1502/936/1302 1501/935/1301 1459/897/1265
f 1502/936/1302 1459/897/1265 1458/896/1264
f 1501/935/1301 1498/933/1298 1464/902/1270
f 1501/935/1301 1464/902/1270 1459/897/1265
f 1500/934/1300 1482/920/1287 1498/933/1298
f 1500/934/1300 1498/933/1298 1501/935/1301
f 1503/781/1290 1504/937/1283 1505/938/1303
f 1503/781/1290 1505/938/1303 1506/939/1304
f 1506/939/1304 1505/938/1303 1451/889/1257
f 1506/939/1304 1451/889/1257 1450/888/1256
f 1505/938/1303 1502/936/1302 1458/896/1264
f 1505/938/1303 1458/896/1264 1451/889/1257
f 1504/937/1283 1499/785/1299 1502/936/1302
f 1504/937/1283 1502/936/1302 1505/938/1303
f 1196/638/1026 1206/648/1035 1208/590/1037
f 1196/638/1026 1208/590/1037 1507/591/1305
f 1184/631/1014 1196/638/1026 1507/591/1305
f 1184/631/1014 1507/591/1305 1508/600/1023
f 1181/628/1011 1180/627/1010 1194/597/1024
f 1181/628/1011 1194/597/1024 1509/602/1306
f 1510/599/1307 1511/940/1060 1187/633/1017
f 1510/599/1307 1187/633/1017 1186/598/1016
f 1171/618/1001 1181/628/1011 1509/602/1306
f 1171/618/1001 1509/602/1306 1512/604/1308
f 1160/612/990 1171/618/1001 1512/604/1308
f 1160/612/990 1512/604/1308 1232/606/1059
f 1208/590/1037 1164/593/994 1188/592/1018
f 1208/590/1037 1188/592/1018 1507/591/1305
f 1003/534/867 1162/595/992 1165/594/995
f 1003/534/867 1165/594/995 1004/538/868
f 1004/538/868 1165/594/995 1164/593/994
f 1004/538/868 1164/593/994 1208/590/1037
f 1193/596/1023 1510/599/1307 1186/598/1016
f 1193/596/1023 1186/598/1016 1194/597/1024
f 1507/591/1305 1188/592/1018 1191/601/1021
f 1507/591/1305 1191/601/1021 1508/600/1023
f 1194/597/1024 1186/598/1016 1166/603/996
f 1194/597/1024 1166/603/996 1509/602/1306
f 1509/602/1306 1166/603/996 1169/605/999
f 1509/602/1306 1169/605/999 1512/604/1308
f 1232/606/1059 1034/563/893 1036/565/895
f 1232/606/1059 1036/565/895 1233/607/890
f 1512/604/1308 1169/605/999 1034/563/893
f 1512/604/1308 1034/563/893 1232/606/1059
f 1513/941/1309 1514/942/1310 1515/943/1311
f 1513/941/1309 1515/943/1311 1516/944/1312
f 1517/945/1313 1518/946/1314 1519/947/1315
f 1517/945/1313 1519/947/1315 1520/948/1316
f 1521/949/1317 1522/950/1313 1523/951/1318
f 1521/949/1317 1523/951/1318 1524/952/1319
f 1525/953/1320 1526/954/1317 1527/955/1321
f 1525/953/1320 1527/955/1321 1528/956/1322
f 1529/957/1323 1530/958/1324 1531/959/1325
f 1529/957/1323 1531/959/1325 1532/960/1326
f 1533/961/1327 1534/962/1328 1535/963/1326
f 1533/961/1327 1535/963/1326 1536/964/1329
f 1537/965/1330 1538/966/1331 1539/967/1329
f 1537/965/1330 1539/967/1329 1540/968/1332
f 1541/969/1333 1542/970/1330 1543/971/1334
f 1541/969/1333 1543/971/1334 1544/972/1335
f 1545/973/1336 1546/974/1337 1547/975/1338
f 1545/973/1336 1547/975/1338 1548/976/1339
f 1549/977/1340 1550/978/1341 1551/979/1342
f 1549/977/1340 1551/979/1342 1552/980/1343
f 1553/981/1344 1554/982/1345 1555/983/1346
f 1553/981/1344 1555/983/1346 1556/984/1347
f 1557/985/1348 1558/986/1349 1559/987/1347
f 1557/985/1348 1559/987/1347 1560/988/1350
f 1561/989/1351 1562/990/1352 1563/991/1353
f 1561/989/1351 1563/991/1353 1564/992/1354
f 1565/993/1355 1566/994/1356 1567/995/1357
f 1565/993/1355 1567/995/1357 1568/996/1358
f 1569/997/1359 1570/998/1360 1571/999/1361
f 1569/997/1359 1571/999/1361 1572/1000/1362
f 1573/1001/1363 1574/1002/1359 1575/1003/1362
f 1573/1001/1363 1575/1003/1362 1576/1004/1364
f 1577/1005/1317 1037/566/896 1039/568/898
f 1577/1005/1317 1039/568/898 1578/1006/1365
f 1579/1007/1366 1049/578/906 1051/580/896
f 1579/1007/1366 1051/580/896 1580/1008/1317
f 1537/965/1330 1043/572/902 1045/574/903
f 1537/965/1330 1045/574/903 1538/966/1331
f 1581/1009/1367 1058/587/911 1060/589/909
f 1581/1009/1367 1060/589/909 1582/1010/1368
f 1541/969/1333 1055/584/909 1057/586/910
f 1541/969/1333 1057/586/910 1542/970/1330
f 1583/1011/1369 1046/575/904 1048/577/905
f 1583/1011/1369 1048/577/905 1584/1012/1370
f 1585/1013/1328 1040/569/899 1042/571/901
f 1585/1013/1328 1042/571/901 1586/1014/1320
f 1587/1015/1331 1052/581/907 1054/583/908
f 1587/1015/1331 1054/583/908 1588/1016/1328
f 1589/1017/1371 1590/1018/1372 1591/1019/1373
f 1589/1017/1371 1591/1019/1373 1592/1020/1374
f 1593/1021/1375 1594/1022/1376 1595/1023/1377
f 1593/1021/1375 1595/1023/1377 1596/1024/1378
f 1597/1025/1379 1598/1026/1380 1590/1018/1372
f 1597/1025/1379 1590/1018/1372 1589/1017/1371
f 1596/1024/1378 1595/1023/1377 1598/1026/1380
f 1596/1024/1378 1598/1026/1380 1597/1025/1379
f 1599/1027/1381 1436/874/1244 1600/1028/1382
f 1599/1027/1381 1600/1028/1382 1601/1029/1383
f 1602/1030/1384 1603/1031/1385 1430/868/1238
f 1602/1030/1384 1430/868/1238 1604/1032/1386
f 1605/1033/1387 1433/871/1241 1436/874/1244
f 1605/1033/1387 1436/874/1244 1599/1027/1381
f 1604/1032/1386 1430/868/1238 1433/871/1241
f 1604/1032/1386 1433/871/1241 1605/1033/1387
f 1595/1023/1377 1606/1034/1388 1607/1035/1389
f 1595/1023/1377 1607/1035/1389 1598/1026/1380
f 1590/1018/1372 1608/1036/1390 1609/1037/1391
f 1590/1018/1372 1609/1037/1391 1591/1019/1373
f 1594/1022/1376 1610/1038/1392 1606/1034/1388
f 1594/1022/1376 1606/1034/1388 1595/1023/1377
f 1421/859/1229 1596/1024/1378 1597/1025/1379
f 1421/859/1229 1597/1025/1379 1417/855/1225
f 1417/855/1225 1597/1025/1379 1589/1017/1371
f 1417/855/1225 1589/1017/1371 1418/856/1226
f 1611/1039/1228 1593/1021/1375 1596/1024/1378
f 1611/1039/1228 1596/1024/1378 1421/859/1229
f 1418/856/1226 1589/1017/1371 1592/1020/1374
f 1418/856/1226 1592/1020/1374 1612/1040/1227
f 1436/874/1244 1435/873/1243 1613/1041/1393
f 1436/874/1244 1613/1041/1393 1600/1028/1382
f 1603/1031/1385 1614/1042/1394 1431/869/1239
f 1603/1031/1385 1431/869/1239 1430/868/1238
f 1425/863/1233 1424/862/1232 1615/926/1237
f 1425/863/1233 1615/926/1237 1616/1043/1395
f 1601/1029/1383 1617/1044/1396 1618/1045/1397
f 1601/1029/1383 1618/1045/1397 1599/1027/1381
f 1617/1044/1396 1609/1037/1391 1608/1036/1390
f 1617/1044/1396 1608/1036/1390 1618/1045/1397
f 1604/1032/1386 1619/1046/1398 1620/1047/1399
f 1604/1032/1386 1620/1047/1399 1602/1030/1384
f 1619/1046/1398 1606/1034/1388 1610/1038/1392
f 1619/1046/1398 1610/1038/1392 1620/1047/1399
f 1599/1027/1381 1618/1045/1397 1621/1048/1400
f 1599/1027/1381 1621/1048/1400 1605/1033/1387
f 1618/1045/1397 1608/1036/1390 1607/1035/1389
f 1618/1045/1397 1607/1035/1389 1621/1048/1400
f 1605/1033/1387 1621/1048/1400 1619/1046/1398
f 1605/1033/1387 1619/1046/1398 1604/1032/1386
f 1621/1048/1400 1607/1035/1389 1606/1034/1388
f 1621/1048/1400 1606/1034/1388 1619/1046/1398
f 1598/1026/1380 1607/1035/1389 1608/1036/1390
f 1598/1026/1380 1608/1036/1390 1590/1018/1372
f 1425/863/1233 1622/1049/1401 1623/1050/1402
f 1425/863/1233 1623/1050/1402 1422/860/1230
f 1622/1049/1401 1435/873/1243 1432/870/1240
f 1622/1049/1401 1432/870/1240 1623/1050/1402
f 1431/869/1239 1624/1051/1403 1623/1050/1402
f 1431/869/1239 1623/1050/1402 1432/870/1240
f 1624/1051/1403 1434/872/1242 1422/860/1230
f 1624/1051/1403 1422/860/1230 1623/1050/1402
f 1434/872/1242 1624/1051/1403 1625/1052/1404
f 1434/872/1242 1625/1052/1404 1437/875/1245
f 1624/1051/1403 1431/869/1239 1614/1042/1394
f 1624/1051/1403 1614/1042/1394 1625/1052/1404
f 1435/873/1243 1622/1049/1401 1626/1053/1405
f 1435/873/1243 1626/1053/1405 1613/1041/1393
f 1622/1049/1401 1425/863/1233 1616/1043/1395
f 1622/1049/1401 1616/1043/1395 1626/1053/1405
f 1548/976/1339 1547/975/1338 1413/851/1222
f 1548/976/1339 1413/851/1222 1412/850/1221
f 1552/980/1343 1551/979/1342 1409/847/1218
f 1552/980/1343 1409/847/1218 1408/846/1217
f 1556/984/1347 1555/983/1346 1405/843/1214
f 1556/984/1347 1405/843/1214 1404/842/1213
f 1560/988/1350 1559/987/1347 1401/839/1211
f 1560/988/1350 1401/839/1211 1400/838/1210
f 1564/992/1354 1563/991/1353 1397/835/1208
f 1564/992/1354 1397/835/1208 1396/834/1207
f 1568/996/1358 1567/995/1357 1393/831/1205
f 1568/996/1358 1393/831/1205 1392/830/1204
f 1572/1000/1362 1571/999/1361 1389/827/1204
f 1572/1000/1362 1389/827/1204 1388/826/1203
f 1576/1004/1364 1575/1003/1362 1385/823/1201
f 1576/1004/1364 1385/823/1201 1384/822/1200
f 1544/972/1335 1543/971/1334 1574/1002/1359
f 1544/972/1335 1574/1002/1359 1573/1001/1363
f 1540/968/1332 1539/967/1329 1570/998/1360
f 1540/968/1332 1570/998/1360 1569/997/1359
f 1536/964/1329 1535/963/1326 1566/994/1356
f 1536/964/1329 1566/994/1356 1565/993/1355
f 1532/960/1326 1531/959/1325 1562/990/1352
f 1532/960/1326 1562/990/1352 1561/989/1351
f 1528/956/1322 1527/955/1321 1558/986/1349
f 1528/956/1322 1558/986/1349 1557/985/1348
f 1524/952/1319 1523/951/1318 1554/982/1345
f 1524/952/1319 1554/982/1345 1553/981/1344
f 1520/948/1316 1519/947/1315 1550/978/1341
f 1520/948/1316 1550/978/1341 1549/977/1340
f 1516/944/1312 1515/943/1311 1546/974/1337
f 1516/944/1312 1546/974/1337 1545/973/1336
f 1156/608/986 1159/611/989 1627/610/1406
f 1156/608/986 1627/610/1406 1628/609/1407
f 1159/611/989 1161/613/991 1629/612/1408
f 1159/611/989 1629/612/1408 1627/610/1406
f 1630/595/1409 1631/594/1410 1632/593/1411
f 1630/595/1409 1632/593/1411 1633/614/1412
f 1634/603/1413 1635/605/1414 1636/616/1415
f 1634/603/1413 1636/616/1415 1637/615/1416
f 1627/610/1406 1629/612/1408 1638/618/1417
f 1627/610/1406 1638/618/1417 1639/617/1418
f 1628/609/1407 1627/610/1406 1639/617/1418
f 1628/609/1407 1639/617/1418 1640/619/1419
f 1641/620/1420 1628/609/1407 1640/619/1419
f 1641/620/1420 1640/619/1419 1642/621/1421
f 1175/622/1005 1156/608/986 1628/609/1407
f 1175/622/1005 1628/609/1407 1641/620/1420
f 1643/623/1422 1644/626/1423 1645/625/1424
f 1643/623/1422 1645/625/1424 1646/624/1425
f 1644/626/1423 1647/628/1426 1648/627/1427
f 1644/626/1423 1648/627/1427 1645/625/1424
f 1646/624/1425 1645/625/1424 1649/630/1428
f 1646/624/1425 1649/630/1428 1650/629/1429
f 1645/625/1424 1648/627/1427 1651/631/1430
f 1645/625/1424 1651/631/1430 1649/630/1428
f 1642/621/1421 1640/619/1419 1643/623/1422
f 1642/621/1421 1643/623/1422 1652/632/1431
f 1640/619/1419 1639/617/1418 1644/626/1423
f 1640/619/1419 1644/626/1423 1643/623/1422
f 1639/617/1418 1638/618/1417 1647/628/1426
f 1639/617/1418 1647/628/1426 1644/626/1423
f 1635/605/1414 1088/563/930 1090/564/932
f 1635/605/1414 1090/564/932 1636/616/1415
f 1653/598/1432 1634/603/1413 1637/615/1416
f 1653/598/1432 1637/615/1416 1654/633/1433
f 1655/592/1434 1656/601/1435 1657/635/1436
f 1655/592/1434 1657/635/1436 1658/634/1437
f 1648/627/1427 1659/597/1438 1660/596/1439
f 1648/627/1427 1660/596/1439 1661/636/1440
f 1649/630/1428 1651/631/1430 1662/638/1441
f 1649/630/1428 1662/638/1441 1663/637/1442
f 1650/629/1429 1649/630/1428 1663/637/1442
f 1650/629/1429 1663/637/1442 1664/639/1443
f 1665/640/1444 1666/642/1429 1664/639/1443
f 1665/640/1444 1664/639/1443 1667/641/1445
f 1668/643/1446 1646/624/1425 1650/629/1429
f 1668/643/1446 1650/629/1429 1665/640/1444
f 1652/632/1431 1643/623/1422 1646/624/1425
f 1652/632/1431 1646/624/1425 1668/643/1446
f 1669/644/1447 1670/647/1448 1204/646/1033
f 1669/644/1447 1204/646/1033 1203/645/1032
f 1670/647/1448 1671/648/1449 1002/537/866
f 1670/647/1448 1002/537/866 1204/646/1033
f 1667/641/1445 1664/639/1443 1669/644/1447
f 1667/641/1445 1669/644/1447 1672/649/1450
f 1664/639/1443 1663/637/1442 1670/647/1448
f 1664/639/1443 1670/647/1448 1669/644/1447
f 1663/637/1442 1662/638/1441 1671/648/1449
f 1663/637/1442 1671/648/1449 1670/647/1448
f 1632/593/1411 1655/592/1434 1658/634/1437
f 1632/593/1411 1658/634/1437 1633/614/1412
f 1671/648/1449 1673/590/1451 1061/538/912
f 1671/648/1449 1061/538/912 1002/537/866
f 1672/649/1450 1669/644/1447 1203/645/1032
f 1672/649/1450 1203/645/1032 1209/650/1038
f 1210/651/1039 1674/654/1452 1675/653/1453
f 1210/651/1039 1675/653/1453 1211/652/1040
f 1211/652/1040 1675/653/1453 1676/656/1454
f 1211/652/1040 1676/656/1454 1214/655/1043
f 1216/657/1005 1677/658/1455 1674/654/1452
f 1216/657/1005 1674/654/1452 1210/651/1039
f 1677/658/1455 1642/621/1421 1652/632/1431
f 1677/658/1455 1652/632/1431 1674/654/1452
f 1674/654/1452 1652/632/1431 1668/643/1446
f 1674/654/1452 1668/643/1446 1675/653/1453
f 1675/653/1453 1668/643/1446 1665/640/1444
f 1675/653/1453 1665/640/1444 1676/656/1454
f 1676/656/1454 1665/640/1444 1667/641/1445
f 1676/656/1454 1667/641/1445 1678/659/1456
f 1214/655/1043 1676/656/1454 1678/659/1456
f 1214/655/1043 1678/659/1456 1219/660/1047
f 1679/661/1457 1223/664/1051 1222/663/1050
f 1679/661/1457 1222/663/1050 1680/662/1458
f 1681/665/1459 1227/668/1050 1226/667/1054
f 1681/665/1459 1226/667/1054 1682/666/1460
f 1683/669/1461 1684/672/1462 1685/671/1463
f 1683/669/1461 1685/671/1463 1686/670/1464
f 1161/613/991 1233/607/890 1687/606/1465
f 1161/613/991 1687/606/1465 1629/612/1408
f 1688/673/1466 1689/676/1467 1690/675/1468
f 1688/673/1466 1690/675/1468 1691/674/1469
f 1692/677/1470 1693/680/1471 1694/679/1472
f 1692/677/1470 1694/679/1472 1695/678/1466
f 1696/681/1473 1697/684/1474 1698/683/1458
f 1696/681/1473 1698/683/1458 1699/682/1475
f 1246/685/1069 1249/688/1072 1700/687/1476
f 1246/685/1069 1700/687/1476 1701/686/1477
f 1249/688/1072 1251/690/1074 1702/689/1478
f 1249/688/1072 1702/689/1478 1700/687/1476
f 1251/690/1074 1253/692/1076 1703/691/1479
f 1251/690/1074 1703/691/1479 1702/689/1478
f 1702/689/1478 1703/691/1479 1704/694/1480
f 1702/689/1478 1704/694/1480 1705/693/1481
f 1700/687/1476 1702/689/1478 1705/693/1481
f 1700/687/1476 1705/693/1481 1706/695/1482
f 1701/686/1477 1700/687/1476 1706/695/1482
f 1701/686/1477 1706/695/1482 1707/696/1483
f 1708/697/1484 1701/686/1477 1707/696/1483
f 1708/697/1484 1707/696/1483 1709/698/1485
f 1260/699/1083 1246/685/1069 1701/686/1477
f 1260/699/1083 1701/686/1477 1708/697/1484
f 1710/700/1486 1711/703/1487 1712/702/1488
f 1710/700/1486 1712/702/1488 1713/701/1489
f 1711/703/1487 1714/705/1490 1715/704/1491
f 1711/703/1487 1715/704/1491 1712/702/1488
f 1713/701/1489 1712/702/1488 1716/707/1492
f 1713/701/1489 1716/707/1492 1717/706/1493
f 1712/702/1488 1715/704/1491 1718/708/1494
f 1712/702/1488 1718/708/1494 1716/707/1492
f 1709/698/1485 1707/696/1483 1710/700/1486
f 1709/698/1485 1710/700/1486 1719/709/1495
f 1707/696/1483 1706/695/1482 1711/703/1487
f 1707/696/1483 1711/703/1487 1710/700/1486
f 1706/695/1482 1705/693/1481 1714/705/1490
f 1706/695/1482 1714/705/1490 1711/703/1487
f 1705/693/1481 1704/694/1480 1720/710/1496
f 1705/693/1481 1720/710/1496 1714/705/1490
f 1714/705/1490 1720/710/1496 1721/711/1497
f 1714/705/1490 1721/711/1497 1715/704/1491
f 1715/704/1491 1721/711/1497 1722/712/1498
f 1715/704/1491 1722/712/1498 1718/708/1494
f 1718/708/1494 1722/712/1498 1723/714/1499
f 1718/708/1494 1723/714/1499 1724/713/1500
f 1716/707/1492 1718/708/1494 1724/713/1500
f 1716/707/1492 1724/713/1500 1725/715/1501
f 1717/706/1493 1716/707/1492 1725/715/1501
f 1717/706/1493 1725/715/1501 1726/716/1502
f 1727/717/1503 1717/706/1493 1726/716/1502
f 1727/717/1503 1726/716/1502 1728/718/1504
f 1729/719/1505 1713/701/1489 1717/706/1493
f 1729/719/1505 1717/706/1493 1727/717/1503
f 1719/709/1495 1710/700/1486 1713/701/1489
f 1719/709/1495 1713/701/1489 1729/719/1505
f 1730/720/1506 1731/723/1507 1283/722/1106
f 1730/720/1506 1283/722/1106 1282/721/1105
f 1731/723/1507 1732/725/1508 1285/724/1108
f 1731/723/1507 1285/724/1108 1283/722/1106
f 1728/718/1504 1726/716/1502 1730/720/1506
f 1728/718/1504 1730/720/1506 1733/726/1509
f 1726/716/1502 1725/715/1501 1731/723/1507
f 1726/716/1502 1731/723/1507 1730/720/1506
f 1725/715/1501 1724/713/1500 1732/725/1508
f 1725/715/1501 1732/725/1508 1731/723/1507
f 1724/713/1500 1723/714/1499 1734/727/1510
f 1724/713/1500 1734/727/1510 1732/725/1508
f 1732/725/1508 1734/727/1510 1289/728/1112
f 1732/725/1508 1289/728/1112 1285/724/1108
f 1733/726/1509 1730/720/1506 1282/721/1105
f 1733/726/1509 1282/721/1105 1290/729/1113
f 1291/730/1114 1735/733/1511 1736/732/1512
f 1291/730/1114 1736/732/1512 1292/731/1115
f 1292/731/1115 1736/732/1512 1737/735/1513
f 1292/731/1115 1737/735/1513 1295/734/1118
f 1297/736/1120 1738/737/1514 1735/733/1511
f 1297/736/1120 1735/733/1511 1291/730/1114
f 1738/737/1514 1739/739/1515 1740/738/1516
f 1738/737/1514 1740/738/1516 1735/733/1511
f 1735/733/1511 1740/738/1516 1741/740/1517
f 1735/733/1511 1741/740/1517 1736/732/1512
f 1736/732/1512 1741/740/1517 1742/741/1518
f 1736/732/1512 1742/741/1518 1737/735/1513
f 1737/735/1513 1742/741/1518 1743/743/1519
f 1737/735/1513 1743/743/1519 1744/742/1520
f 1295/734/1118 1737/735/1513 1744/742/1520
f 1295/734/1118 1744/742/1520 1305/744/1128
f 1745/745/1521 1309/748/1132 1308/747/1131
f 1745/745/1521 1308/747/1131 1746/746/1522
f 1746/746/1522 1308/747/1131 1311/750/1134
f 1746/746/1522 1311/750/1134 1747/749/1523
f 1704/694/1480 1748/751/1524 1745/745/1521
f 1704/694/1480 1745/745/1521 1720/710/1496
f 1748/751/1524 1313/752/1136 1309/748/1132
f 1748/751/1524 1309/748/1132 1745/745/1521
f 1747/749/1523 1311/750/1134 1315/754/1112
f 1747/749/1523 1315/754/1112 1749/753/1525
f 1722/712/1498 1747/749/1523 1749/753/1525
f 1722/712/1498 1749/753/1525 1723/714/1499
f 1721/711/1497 1746/746/1522 1747/749/1523
f 1721/711/1497 1747/749/1523 1722/712/1498
f 1720/710/1496 1745/745/1521 1746/746/1522
f 1720/710/1496 1746/746/1522 1721/711/1497
f 1750/755/1526 1751/758/1527 1318/757/1140
f 1750/755/1526 1318/757/1140 1317/756/1139
f 1728/718/1504 1733/726/1509 1751/758/1527
f 1728/718/1504 1751/758/1527 1752/759/1528
f 1743/743/1519 1753/761/1529 1750/755/1526
f 1743/743/1519 1750/755/1526 1754/760/1530
f 1753/761/1529 1752/759/1528 1751/758/1527
f 1753/761/1529 1751/758/1527 1750/755/1526
f 1755/762/1531 1719/709/1495 1729/719/1505
f 1755/762/1531 1729/719/1505 1756/763/1532
f 1754/760/1530 1750/755/1526 1317/756/1139
f 1754/760/1530 1317/756/1139 1325/764/1147
f 1757/765/1533 1755/762/1531 1756/763/1532
f 1757/765/1533 1756/763/1532 1758/766/1534
f 1756/763/1532 1729/719/1505 1727/717/1503
f 1756/763/1532 1727/717/1503 1759/767/1535
f 1758/766/1534 1756/763/1532 1759/767/1535
f 1758/766/1534 1759/767/1535 1760/768/1536
f 1709/698/1485 1719/709/1495 1755/762/1531
f 1709/698/1485 1755/762/1531 1761/769/1537
f 1739/739/1515 1762/770/1538 1757/765/1533
f 1739/739/1515 1757/765/1533 1740/738/1516
f 1762/770/1538 1761/769/1537 1755/762/1531
f 1762/770/1538 1755/762/1531 1757/765/1533
f 1759/767/1535 1727/717/1503 1728/718/1504
f 1759/767/1535 1728/718/1504 1752/759/1528
f 1760/768/1536 1759/767/1535 1752/759/1528
f 1760/768/1536 1752/759/1528 1753/761/1529
f 1742/741/1518 1760/768/1536 1753/761/1529
f 1742/741/1518 1753/761/1529 1743/743/1519
f 1741/740/1517 1758/766/1534 1760/768/1536
f 1741/740/1517 1760/768/1536 1742/741/1518
f 1740/738/1516 1757/765/1533 1758/766/1534
f 1740/738/1516 1758/766/1534 1741/740/1517
f 1332/771/1154 1260/699/1083 1708/697/1484
f 1332/771/1154 1708/697/1484 1763/772/1539
f 1334/773/1156 1332/771/1154 1763/772/1539
f 1334/773/1156 1763/772/1539 1764/774/1540
f 1763/772/1539 1708/697/1484 1709/698/1485
f 1763/772/1539 1709/698/1485 1761/769/1537
f 1764/774/1540 1763/772/1539 1761/769/1537
f 1764/774/1540 1761/769/1537 1762/770/1538
f 1765/775/1541 1764/774/1540 1762/770/1538
f 1765/775/1541 1762/770/1538 1739/739/1515
f 1337/776/1159 1334/773/1156 1764/774/1540
f 1337/776/1159 1764/774/1540 1765/775/1541
f 1766/777/1542 1767/780/1543 1768/779/1544
f 1766/777/1542 1768/779/1544 1769/778/1545
f 1770/781/1546 1771/784/1547 1772/783/1548
f 1770/781/1546 1772/783/1548 1773/782/1549
f 1774/785/1550 1775/788/1551 1776/787/1552
f 1774/785/1550 1776/787/1552 1777/786/1553
f 1778/789/1554 1779/792/1555 1780/791/1556
f 1778/789/1554 1780/791/1556 1781/790/1557
f 1782/793/1558 1783/796/1559 1784/795/1560
f 1782/793/1558 1784/795/1560 1785/794/1561
f 1773/782/1549 1772/783/1548 1775/788/1551
f 1773/782/1549 1775/788/1551 1774/785/1550
f 1786/797/1562 1787/800/1563 1788/799/1564
f 1786/797/1562 1788/799/1564 1789/798/1565
f 1790/801/1566 1791/802/1567 1783/796/1559
f 1790/801/1566 1783/796/1559 1782/793/1558
f 1792/803/1568 1793/804/1569 1767/780/1543
f 1792/803/1568 1767/780/1543 1766/777/1542
f 1777/786/1553 1776/787/1552 1787/800/1563
f 1777/786/1553 1787/800/1563 1786/797/1562
f 1794/805/1570 1795/808/1571 1796/807/1572
f 1794/805/1570 1796/807/1572 1797/806/1573
f 1785/794/1561 1784/795/1560 1793/804/1569
f 1785/794/1561 1793/804/1569 1792/803/1568
f 1789/798/1565 1788/799/1564 1795/808/1571
f 1789/798/1565 1795/808/1571 1794/805/1570
f 1781/790/1557 1780/791/1556 1791/802/1567
f 1781/790/1557 1791/802/1567 1790/801/1566
f 1798/809/1545 1799/810/1544 1779/792/1555
f 1798/809/1545 1779/792/1555 1778/789/1554
f 1800/811/1574 1801/736/1575 1802/813/1576
f 1800/811/1574 1802/813/1576 1803/812/1549
f 1801/736/1575 1786/797/1562 1789/798/1565
f 1801/736/1575 1789/798/1565 1802/813/1576
f 1802/813/1576 1789/798/1565 1794/805/1570
f 1802/813/1576 1794/805/1570 1804/814/1577
f 1803/812/1549 1802/813/1576 1804/814/1577
f 1803/812/1549 1804/814/1577 1805/815/1578
f 1783/796/1559 1806/817/1579 1807/816/1580
f 1783/796/1559 1807/816/1580 1784/795/1560
f 1806/817/1579 1808/819/1556 1809/818/1581
f 1806/817/1579 1809/818/1581 1807/816/1580
f 1807/816/1580 1809/818/1581 1810/821/1544
f 1807/816/1580 1810/821/1544 1811/820/1582
f 1784/795/1560 1807/816/1580 1811/820/1582
f 1784/795/1560 1811/820/1582 1793/804/1569
f 1812/822/1583 1813/825/919 1814/824/918
f 1812/822/1583 1814/824/918 1815/823/1584
f 1816/826/1585 1817/829/917 1818/828/1586
f 1816/826/1585 1818/828/1586 1819/827/1587
f 1820/830/1587 1821/833/916 1822/832/1588
f 1820/830/1587 1822/832/1588 1823/831/1589
f 1824/834/1589 1825/837/1590 1826/836/913
f 1824/834/1589 1826/836/913 1827/835/1591
f 1828/838/1592 1829/841/1593 1830/840/1594
f 1828/838/1592 1830/840/1594 1831/839/1595
f 1832/842/1596 1833/845/925 1834/844/1597
f 1832/842/1596 1834/844/1597 1835/843/1598
f 1836/846/1599 1837/849/1600 1838/848/921
f 1836/846/1599 1838/848/921 1839/847/1601
f 1840/850/1602 1841/853/1603 1842/852/924
f 1840/850/1602 1842/852/924 1843/851/1604
f 1751/758/1527 1733/726/1509 1290/729/1113
f 1751/758/1527 1290/729/1113 1318/757/1140
f 1416/854/1224 1419/857/1227 1844/856/1605
f 1416/854/1224 1844/856/1605 1845/855/1606
f 1420/858/1228 1416/854/1224 1845/855/1606
f 1420/858/1228 1845/855/1606 1846/859/1607
f 1847/860/1608 1848/863/1609 1849/862/1610
f 1847/860/1608 1849/862/1610 1850/861/1611
f 1851/864/1612 1850/861/1611 1428/866/1236
f 1851/864/1612 1428/866/1236 1427/865/1235
f 1850/861/1611 1849/862/1610 1429/867/1237
f 1850/861/1611 1429/867/1237 1428/866/1236
f 1852/868/1613 1853/871/1614 1854/870/1615
f 1852/868/1613 1854/870/1615 1855/869/1616
f 1856/872/1617 1847/860/1608 1850/861/1611
f 1856/872/1617 1850/861/1611 1851/864/1612
f 1853/871/1614 1857/874/1618 1858/873/1619
f 1853/871/1614 1858/873/1619 1854/870/1615
f 1437/875/1245 1856/872/1617 1851/864/1612
f 1437/875/1245 1851/864/1612 1438/876/1235
f 1798/809/1545 1778/789/1554 1859/878/1620
f 1798/809/1545 1859/878/1620 1860/877/1621
f 1860/877/1621 1859/878/1620 1772/783/1548
f 1860/877/1621 1772/783/1548 1771/784/1547
f 1775/788/1551 1772/783/1548 1859/878/1620
f 1775/788/1551 1859/878/1620 1861/879/1622
f 1861/879/1622 1859/878/1620 1778/789/1554
f 1861/879/1622 1778/789/1554 1781/790/1557
f 1781/790/1557 1790/801/1566 1862/880/1623
f 1781/790/1557 1862/880/1623 1861/879/1622
f 1861/879/1622 1862/880/1623 1776/787/1552
f 1861/879/1622 1776/787/1552 1775/788/1551
f 1787/800/1563 1776/787/1552 1862/880/1623
f 1787/800/1563 1862/880/1623 1863/881/1624
f 1863/881/1624 1862/880/1623 1790/801/1566
f 1863/881/1624 1790/801/1566 1782/793/1558
f 1782/793/1558 1785/794/1561 1864/882/1625
f 1782/793/1558 1864/882/1625 1863/881/1624
f 1863/881/1624 1864/882/1625 1788/799/1564
f 1863/881/1624 1788/799/1564 1787/800/1563
f 1795/808/1571 1788/799/1564 1864/882/1625
f 1795/808/1571 1864/882/1625 1865/883/1626
f 1865/883/1626 1864/882/1625 1785/794/1561
f 1865/883/1626 1785/794/1561 1792/803/1568
f 1792/803/1568 1766/777/1542 1866/884/1627
f 1792/803/1568 1866/884/1627 1865/883/1626
f 1865/883/1626 1866/884/1627 1796/807/1572
f 1865/883/1626 1796/807/1572 1795/808/1571
f 1867/885/1547 1796/807/1572 1866/884/1627
f 1867/885/1547 1866/884/1627 1868/886/1628
f 1868/886/1628 1866/884/1627 1766/777/1542
f 1868/886/1628 1766/777/1542 1769/778/1545
f 1797/806/1573 1796/807/1572 1867/885/1547
f 1797/806/1573 1867/885/1547 1869/887/1629
f 1870/888/1630 1871/891/1631 1872/890/1632
f 1870/888/1630 1872/890/1632 1873/889/1633
f 1871/891/1631 1874/893/1634 1875/892/1635
f 1871/891/1631 1875/892/1635 1872/890/1632
f 1872/890/1632 1875/892/1635 1876/895/1636
f 1872/890/1632 1876/895/1636 1877/894/1637
f 1873/889/1633 1872/890/1632 1877/894/1637
f 1873/889/1633 1877/894/1637 1878/896/1638
f 1878/896/1638 1877/894/1637 1879/898/1639
f 1878/896/1638 1879/898/1639 1880/897/1640
f 1877/894/1637 1876/895/1636 1881/899/1641
f 1877/894/1637 1881/899/1641 1879/898/1639
f 1879/898/1639 1881/899/1641 1882/901/1642
f 1879/898/1639 1882/901/1642 1883/900/1643
f 1880/897/1640 1879/898/1639 1883/900/1643
f 1880/897/1640 1883/900/1643 1884/902/1644
f 1884/902/1644 1883/900/1643 1885/904/1645
f 1884/902/1644 1885/904/1645 1886/903/1646
f 1883/900/1643 1882/901/1642 1887/905/1647
f 1883/900/1643 1887/905/1647 1885/904/1645
f 1885/904/1645 1887/905/1647 1888/907/1648
f 1885/904/1645 1888/907/1648 1889/906/1649
f 1886/903/1646 1885/904/1645 1889/906/1649
f 1886/903/1646 1889/906/1649 1890/908/1650
f 1890/908/1650 1889/906/1649 1891/910/1651
f 1890/908/1650 1891/910/1651 1892/909/1277
f 1889/906/1649 1888/907/1648 1893/911/1652
f 1889/906/1649 1893/911/1652 1891/910/1651
f 1891/910/1651 1893/911/1652 1894/913/1634
f 1891/910/1651 1894/913/1634 1895/912/1653
f 1892/909/1277 1891/910/1651 1895/912/1653
f 1892/909/1277 1895/912/1653 1896/914/1654
f 1897/915/1655 1898/918/1656 1899/917/1657
f 1897/915/1655 1899/917/1657 1900/916/1658
f 1898/918/1656 1901/920/1659 1902/919/1660
f 1898/918/1656 1902/919/1660 1899/917/1657
f 1899/917/1657 1902/919/1660 1903/805/1661
f 1899/917/1657 1903/805/1661 1904/921/1662
f 1900/916/1658 1899/917/1657 1904/921/1662
f 1900/916/1658 1904/921/1662 1905/815/1663
f 1882/901/1642 1906/923/1641 1907/922/1664
f 1882/901/1642 1907/922/1664 1887/905/1647
f 1906/923/1641 1908/925/1665 1909/924/1635
f 1906/923/1641 1909/924/1635 1907/922/1664
f 1907/922/1664 1909/924/1635 1910/927/1634
f 1907/922/1664 1910/927/1634 1911/926/1666
f 1887/905/1647 1907/922/1664 1911/926/1666
f 1887/905/1647 1911/926/1666 1888/907/1648
f 1903/805/1661 1912/929/1667 1913/928/1668
f 1903/805/1661 1913/928/1668 1914/865/1669
f 1912/929/1667 1890/908/1650 1892/909/1277
f 1912/929/1667 1892/909/1277 1913/928/1668
f 1913/928/1668 1892/909/1277 1896/914/1654
f 1913/928/1668 1896/914/1654 1915/930/1670
f 1914/865/1669 1913/928/1668 1915/930/1670
f 1914/865/1669 1915/930/1670 1916/931/1663
f 1901/920/1659 1917/933/1671 1918/932/1672
f 1901/920/1659 1918/932/1672 1902/919/1660
f 1917/933/1671 1884/902/1644 1886/903/1646
f 1917/933/1671 1886/903/1646 1918/932/1672
f 1918/932/1672 1886/903/1646 1890/908/1650
f 1918/932/1672 1890/908/1650 1912/929/1667
f 1902/919/1660 1918/932/1672 1912/929/1667
f 1902/919/1660 1912/929/1667 1903/805/1661
f 1919/785/1673 1920/936/1674 1921/935/1675
f 1919/785/1673 1921/935/1675 1922/934/1676
f 1920/936/1674 1878/896/1638 1880/897/1640
f 1920/936/1674 1880/897/1640 1921/935/1675
f 1921/935/1675 1880/897/1640 1884/902/1644
f 1921/935/1675 1884/902/1644 1917/933/1671
f 1922/934/1676 1921/935/1675 1917/933/1671
f 1922/934/1676 1917/933/1671 1901/920/1659
f 1923/781/1677 1924/939/1670 1925/938/1678
f 1923/781/1677 1925/938/1678 1926/937/1658
f 1924/939/1670 1870/888/1630 1873/889/1633
f 1924/939/1670 1873/889/1633 1925/938/1678
f 1925/938/1678 1873/889/1633 1878/896/1638
f 1925/938/1678 1878/896/1638 1920/936/1674
f 1926/937/1658 1925/938/1678 1920/936/1674
f 1926/937/1658 1920/936/1674 1919/785/1673
f 1662/638/1441 1927/591/1679 1673/590/1451
f 1662/638/1441 1673/590/1451 1671/648/1449
f 1651/631/1430 1928/600/1439 1927/591/1679
f 1651/631/1430 1927/591/1679 1662/638/1441
f 1647/628/1426 1929/602/1680 1659/597/1438
f 1647/628/1426 1659/597/1438 1648/627/1427
f 1930/599/1681 1653/598/1432 1654/633/1433
f 1930/599/1681 1654/633/1433 1931/940/1466
f 1638/618/1417 1932/604/1682 1929/602/1680
f 1638/618/1417 1929/602/1680 1647/628/1426
f 1629/612/1408 1687/606/1465 1932/604/1682
f 1629/612/1408 1932/604/1682 1638/618/1417
f 1673/590/1451 1927/591/1679 1655/592/1434
f 1673/590/1451 1655/592/1434 1632/593/1411
f 1003/534/867 1061/538/912 1631/594/1410
f 1003/534/867 1631/594/1410 1630/595/1409
f 1061/538/912 1673/590/1451 1632/593/1411
f 1061/538/912 1632/593/1411 1631/594/1410
f 1660/596/1439 1659/597/1438 1653/598/1432
f 1660/596/1439 1653/598/1432 1930/599/1681
f 1927/591/1679 1928/600/1439 1656/601/1435
f 1927/591/1679 1656/601/1435 1655/592/1434
f 1659/597/1438 1929/602/1680 1634/603/1413
f 1659/597/1438 1634/603/1413 1653/598/1432
f 1929/602/1680 1932/604/1682 1635/605/1414
f 1929/602/1680 1635/605/1414 1634/603/1413
f 1687/606/1465 1233/607/890 1089/565/931
f 1687/606/1465 1089/565/931 1088/563/930
f 1932/604/1682 1687/606/1465 1088/563/930
f 1932/604/1682 1088/563/930 1635/605/1414
f 1933/941/1683 1934/944/1684 1935/943/1685
f 1933/941/1683 1935/943/1685 1936/942/1686
f 1937/945/1687 1938/948/1688 1939/947/1689
f 1937/945/1687 1939/947/1689 1940/946/1683
f 1941/949/1690 1942/952/1691 1943/951/1692
f 1941/949/1690 1943/951/1692 1944/950/1687
f 1945/953/1693 1946/956/1694 1947/955/1695
f 1945/953/1693 1947/955/1695 1948/954/1690
f 1949/957/1696 1950/960/1697 1951/959/1698
f 1949/957/1696 1951/959/1698 1952/958/1699
f 1953/961/1700 1954/964/1701 1955/963/1702
f 1953/961/1700 1955/963/1702 1956/962/1696
f 1957/965/1703 1958/968/1704 1959/967/1701
f 1957/965/1703 1959/967/1701 1960/966/1705
f 1961/969/1686 1962/972/1685 1963/971/1706
f 1961/969/1686 1963/971/1706 1964/970/1707
f 1965/973/1708 1966/976/1709 1967/975/1710
f 1965/973/1708 1967/975/1710 1968/974/1711
f 1969/977/1712 1970/980/1713 1971/979/1714
f 1969/977/1712 1971/979/1714 1972/978/1715
f 1973/981/1716 1974/984/1717 1975/983/1718
f 1973/981/1716 1975/983/1718 1976/982/1719
f 1977/985/1720 1978/988/1721 1979/987/1717
f 1977/985/1720 1979/987/1717 1980/986/1716
f 1981/989/1722 1982/992/1723 1983/991/1724
f 1981/989/1722 1983/991/1724 1984/990/1725
f 1985/993/1726 1986/996/1727 1987/995/1723
f 1985/993/1726 1987/995/1723 1988/994/1728
f 1989/997/1729 1990/1000/1730 1991/999/1731
f 1989/997/1729 1991/999/1731 1992/998/1732
f 1993/1001/1733 1994/1004/1734 1995/1003/1730
f 1993/1001/1733 1995/1003/1730 1996/1002/1729
f 1997/1005/1690 1998/1006/1735 1092/568/934
f 1997/1005/1690 1092/568/934 1091/566/933
f 1999/1007/1693 2000/1008/1736 1104/580/933
f 1999/1007/1693 1104/580/933 1103/578/937
f 1957/965/1703 1960/966/1705 1098/574/940
f 1957/965/1703 1098/574/940 1097/572/939
f 2001/1009/1737 2002/1010/1738 1113/589/945
f 2001/1009/1737 1113/589/945 1112/587/947
f 1961/969/1686 1964/970/1707 1110/586/946
f 1961/969/1686 1110/586/946 1109/584/945
f 2003/1011/1739 2004/1012/1740 1101/577/942
f 2003/1011/1739 1101/577/942 1100/575/941
f 2005/1013/1741 2006/1014/1693 1095/571/937
f 2005/1013/1741 1095/571/937 1094/569/936
f 2007/1015/1705 2008/1016/1741 1107/583/944
f 2007/1015/1705 1107/583/944 1106/581/943
f 2009/1017/1742 1592/1020/1374 1591/1019/1373
f 2009/1017/1742 1591/1019/1373 2010/1018/1743
f 1593/1021/1375 2011/1024/1744 2012/1023/1745
f 1593/1021/1375 2012/1023/1745 1594/1022/1376
f 2013/1025/1746 2009/1017/1742 2010/1018/1743
f 2013/1025/1746 2010/1018/1743 2014/1026/1747
f 2011/1024/1744 2013/1025/1746 2014/1026/1747
f 2011/1024/1744 2014/1026/1747 2012/1023/1745
f 2015/1027/1748 1601/1029/1383 1600/1028/1382
f 2015/1027/1748 1600/1028/1382 1857/874/1618
f 1602/1030/1384 2016/1032/1749 1852/868/1613
f 1602/1030/1384 1852/868/1613 1603/1031/1385
f 2017/1033/1750 2015/1027/1748 1857/874/1618
f 2017/1033/1750 1857/874/1618 1853/871/1614
f 2016/1032/1749 2017/1033/1750 1853/871/1614
f 2016/1032/1749 1853/871/1614 1852/868/1613
f 2012/1023/1745 2014/1026/1747 2018/1035/1751
f 2012/1023/1745 2018/1035/1751 2019/1034/1752
f 2010/1018/1743 1591/1019/1373 1609/1037/1391
f 2010/1018/1743 1609/1037/1391 2020/1036/1753
f 1594/1022/1376 2012/1023/1745 2019/1034/1752
f 1594/1022/1376 2019/1034/1752 1610/1038/1392
f 1846/859/1607 1845/855/1606 2013/1025/1746
f 1846/859/1607 2013/1025/1746 2011/1024/1744
f 1845/855/1606 1844/856/1605 2009/1017/1742
f 1845/855/1606 2009/1017/1742 2013/1025/1746
f 1611/1039/1228 1846/859/1607 2011/1024/1744
f 1611/1039/1228 2011/1024/1744 1593/1021/1375
f 1844/856/1605 1612/1040/1227 1592/1020/1374
f 1844/856/1605 1592/1020/1374 2009/1017/1742
f 1857/874/1618 1600/1028/1382 1613/1041/1393
f 1857/874/1618 1613/1041/1393 1858/873/1619
f 1603/1031/1385 1852/868/1613 1855/869/1616
f 1603/1031/1385 1855/869/1616 1614/1042/1394
f 1848/863/1609 1616/1043/1395 1615/926/1237
f 1848/863/1609 1615/926/1237 1849/862/1610
f 1601/1029/1383 2015/1027/1748 2021/1045/1754
f 1601/1029/1383 2021/1045/1754 1617/1044/1396
f 1617/1044/1396 2021/1045/1754 2020/1036/1753
f 1617/1044/1396 2020/1036/1753 1609/1037/1391
f 2016/1032/1749 1602/1030/1384 1620/1047/1399
f 2016/1032/1749 1620/1047/1399 2022/1046/1755
f 2022/1046/1755 1620/1047/1399 1610/1038/1392
f 2022/1046/1755 1610/1038/1392 2019/1034/1752
f 2015/1027/1748 2017/1033/1750 2023/1048/1756
f 2015/1027/1748 2023/1048/1756 2021/1045/1754
f 2021/1045/1754 2023/1048/1756 2018/1035/1751
f 2021/1045/1754 2018/1035/1751 2020/1036/1753
f 2017/1033/1750 2016/1032/1749 2022/1046/1755
f 2017/1033/1750 2022/1046/1755 2023/1048/1756
f 2023/1048/1756 2022/1046/1755 2019/1034/1752
f 2023/1048/1756 2019/1034/1752 2018/1035/1751
f 2014/1026/1747 2010/1018/1743 2020/1036/1753
f 2014/1026/1747 2020/1036/1753 2018/1035/1751
f 1848/863/1609 1847/860/1608 2024/1050/1757
f 1848/863/1609 2024/1050/1757 2025/1049/1758
f 2025/1049/1758 2024/1050/1757 1854/870/1615
f 2025/1049/1758 1854/870/1615 1858/873/1619
f 1855/869/1616 1854/870/1615 2024/1050/1757
f 1855/869/1616 2024/1050/1757 2026/1051/1759
f 2026/1051/1759 2024/1050/1757 1847/860/1608
f 2026/1051/1759 1847/860/1608 1856/872/1617
f 1856/872/1617 1437/875/1245 1625/1052/1404
f 1856/872/1617 1625/1052/1404 2026/1051/1759
f 2026/1051/1759 1625/1052/1404 1614/1042/1394
f 2026/1051/1759 1614/1042/1394 1855/869/1616
f 1858/873/1619 1613/1041/1393 1626/1053/1405
f 1858/873/1619 1626/1053/1405 2025/1049/1758
f 2025/1049/1758 1626/1053/1405 1616/1043/1395
f 2025/1049/1758 1616/1043/1395 1848/863/1609
f 1966/976/1709 1840/850/1602 1843/851/1604
f 1966/976/1709 1843/851/1604 1967/975/1710
f 1970/980/1713 1836/846/1599 1839/847/1601
f 1970/980/1713 1839/847/1601 1971/979/1714
f 1974/984/1717 1832/842/1596 1835/843/1598
f 1974/984/1717 1835/843/1598 1975/983/1718
f 1978/988/1721 1828/838/1592 1831/839/1595
f 1978/988/1721 1831/839/1595 1979/987/1717
f 1982/992/1723 1824/834/1589 1827/835/1591
f 1982/992/1723 1827/835/1591 1983/991/1724
f 1986/996/1727 1820/830/1587 1823/831/1589
f 1986/996/1727 1823/831/1589 1987/995/1723
f 1990/1000/1730 1816/826/1585 1819/827/1587
f 1990/1000/1730 1819/827/1587 1991/999/1731
f 1994/1004/1734 1812/822/1583 1815/823/1584
f 1994/1004/1734 1815/823/1584 1995/1003/1730
f 1962/972/1685 1993/1001/1733 1996/1002/1729
f 1962/972/1685 1996/1002/1729 1963/971/1706
f 1958/968/1704 1989/997/1729 1992/998/1732
f 1958/968/1704 1992/998/1732 1959/967/1701
f 1954/964/1701 1985/993/1726 1988/994/1728
f 1954/964/1701 1988/994/1728 1955/963/1702
f 1950/960/1697 1981/989/1722 1984/990/1725
f 1950/960/1697 1984/990/1725 1951/959/1698
f 1946/956/1694 1977/985/1720 1980/986/1716
f 1946/956/1694 1980/986/1716 1947/955/1695
f 1942/952/1691 1973/981/1716 1976/982/1719
f 1942/952/1691 1976/982/1719 1943/951/1692
f 1938/948/1688 1969/977/1712 1972/978/1715
f 1938/948/1688 1972/978/1715 1939/947/1689
f 1934/944/1684 1965/973/1708 1968/974/1711
f 1934/944/1684 1968/974/1711 1935/943/1685
f 2027/1054/1760 2030/1055/1761 2031/1056/1762
f 2030/1055/1761 2027/1054/1760 2029/1057/1763
f 2029/1057/1763 2027/1054/1760 2028/1058/1062
f 1029/531/888 2034/1059/1764 1030/533/889
f 2034/1059/1764 1029/531/888 2033/1060/1765
f 2033/1060/1765 1029/531/888 2032/1061/1058
f 2031/1056/1762 2037/1058/1766 2035/1054/1460
f 2037/1058/1766 2031/1056/1762 2036/1057/929
f 2036/1057/929 2031/1056/1762 2030/1055/1761
f 2038/1061/1767 2034/1059/1764 2039/1060/1474
f 2034/1059/1764 2038/1061/1767 1086/531/928
f 2034/1059/1764 1086/531/928 1030/533/889
o Mouth.003_Eyes.001_0
v -0.064793 0.310545 0.202244
v -0.033213 0.310270 0.205653
v -0.032984 0.323586 0.209460
v -0.063219 0.323349 0.206061
v -0.002314 0.310391 0.207421
v -0.002614 0.323880 0.211246
v -0.002921 0.335115 0.214453
v -0.031973 0.334416 0.212676
v -0.054167 0.331377 0.209429
v -0.054577 0.260158 0.184811
v -0.031494 0.256844 0.185534
v -0.032961 0.265789 0.190376
v -0.064111 0.267136 0.187443
v -0.001024 0.256098 0.186783
v -0.001381 0.265333 0.191955
v -0.001718 0.277344 0.197232
v -0.033386 0.277642 0.195553
v -0.065578 0.278522 0.192245
v 0.027449 0.311171 0.206451
v 0.026564 0.324615 0.210318
v 0.056530 0.312346 0.203838
v 0.054253 0.325376 0.207748
v 0.045510 0.333158 0.210932
v 0.025017 0.335442 0.213552
v 0.029076 0.278019 0.196198
v 0.028281 0.294314 0.201568
v -0.002023 0.293607 0.202583
v 0.059347 0.279276 0.193536
v 0.057978 0.295498 0.198909
v 0.028820 0.257254 0.186148
v 0.029449 0.266124 0.191000
v 0.050623 0.260812 0.185872
v 0.058959 0.267788 0.188671
v -0.033338 0.293693 0.200856
v -0.065260 0.294255 0.197484
v -0.119050 0.322708 0.188686
v -0.094012 0.320858 0.196798
v -0.094587 0.342595 0.199831
v -0.119471 0.342890 0.191570
v -0.066434 0.319461 0.203205
v -0.067054 0.342298 0.206277
v -0.067268 0.366057 0.207543
v -0.094620 0.365422 0.201094
v -0.119250 0.364442 0.192752
v -0.035446 0.318551 0.207781
v -0.035890 0.342106 0.210882
v -0.003269 0.318246 0.209788
v -0.003435 0.342102 0.212908
v -0.003548 0.366733 0.214190
v -0.036100 0.366479 0.212156
v -0.065782 0.413961 0.202203
v -0.035427 0.415147 0.206655
v -0.034812 0.434136 0.202484
v -0.064520 0.432667 0.198254
v -0.003586 0.415734 0.208632
v -0.003626 0.434868 0.204376
v -0.003691 0.451288 0.200004
v -0.034141 0.450406 0.198219
v -0.063143 0.448668 0.194268
v -0.158906 0.331679 0.172701
v -0.142028 0.325502 0.179534
v -0.143124 0.343190 0.181617
v -0.165718 0.343791 0.171041
v -0.142865 0.363027 0.182480
v -0.166108 0.361362 0.171132
v -0.161578 0.404176 0.166483
v -0.138809 0.407294 0.177745
v -0.135967 0.425109 0.174767
v -0.157911 0.421219 0.164247
v -0.115847 0.410086 0.187875
v -0.113424 0.428316 0.184515
v -0.110866 0.444005 0.181252
v -0.132485 0.440122 0.172322
v -0.149395 0.433168 0.165508
v 0.054867 0.414884 0.204132
v 0.080573 0.413679 0.199141
v 0.078366 0.431889 0.195753
v 0.053401 0.433490 0.200300
v 0.105129 0.411945 0.191833
v 0.102356 0.429772 0.188848
v 0.099337 0.444825 0.186083
v 0.075903 0.447314 0.192492
v 0.051728 0.449315 0.196479
v 0.129775 0.409658 0.181582
v 0.126607 0.427052 0.178901
v 0.154609 0.407063 0.169625
v 0.150634 0.423745 0.167526
v 0.141267 0.435074 0.169242
v 0.122666 0.441385 0.176880
v 0.027581 0.366835 0.213038
v 0.027311 0.392198 0.211244
v -0.003580 0.392203 0.212388
v 0.056533 0.366785 0.209426
v 0.055941 0.391788 0.207681
v 0.054867 0.414884 0.204132
v 0.026802 0.415610 0.207538
v -0.003586 0.415734 0.208632
v 0.056454 0.319646 0.205051
v 0.083393 0.321150 0.199724
v 0.083563 0.343338 0.202797
v 0.056631 0.342778 0.208146
v 0.109201 0.323102 0.192340
v 0.109310 0.343899 0.195265
v 0.108849 0.365971 0.196486
v 0.083302 0.366547 0.204091
v 0.056533 0.366785 0.209426
v 0.083302 0.366547 0.204091
v 0.082281 0.390995 0.202442
v 0.108849 0.365971 0.196486
v 0.107397 0.389707 0.194902
v 0.105129 0.411945 0.191833
v 0.080573 0.413679 0.199141
v 0.027576 0.318640 0.208650
v 0.027637 0.342340 0.211761
v 0.133670 0.326019 0.183188
v 0.134617 0.344460 0.185269
v 0.151889 0.332531 0.176025
v 0.159175 0.345340 0.174185
v 0.159499 0.363672 0.174234
v 0.134179 0.364951 0.186146
v 0.026802 0.415610 0.207538
v 0.026070 0.434578 0.203398
v 0.025217 0.450800 0.199180
v -0.141241 0.385521 0.180823
v -0.164244 0.382880 0.169412
v -0.117937 0.387850 0.191115
v -0.119250 0.364442 0.192752
v -0.093726 0.389627 0.199412
v -0.117937 0.387850 0.191115
v -0.067268 0.366057 0.207543
v -0.066786 0.390901 0.205794
v -0.065782 0.413961 0.202203
v -0.092148 0.412295 0.195991
v -0.115847 0.410086 0.187875
v -0.092148 0.412295 0.195991
v -0.090242 0.430768 0.192327
v -0.088193 0.446614 0.188694
v -0.036100 0.366479 0.212156
v -0.035909 0.391763 0.210366
v -0.035427 0.415147 0.206655
v 0.132401 0.387855 0.184526
v 0.107397 0.389707 0.194902
v 0.157466 0.385683 0.172515
v -0.158143 0.269187 0.155618
v -0.140709 0.266273 0.161177
v -0.139910 0.272581 0.164815
v -0.157400 0.274466 0.158473
v -0.117569 0.263049 0.168334
v -0.116960 0.270467 0.172699
v -0.115727 0.281089 0.177663
v -0.138629 0.282521 0.169168
v -0.156449 0.283772 0.162067
v -0.154121 0.316481 0.171688
v -0.134689 0.314983 0.180030
v -0.133550 0.328509 0.184402
v -0.153594 0.330085 0.175736
v -0.111317 0.313259 0.189165
v -0.109942 0.326670 0.193642
v -0.109141 0.337861 0.197348
v -0.132943 0.339670 0.188065
v -0.153426 0.341180 0.179205
v 0.069632 0.262415 0.183055
v 0.089072 0.262239 0.177370
v 0.086993 0.269900 0.182191
v 0.061373 0.267992 0.188313
v 0.114084 0.265036 0.170914
v 0.112583 0.272215 0.175288
v 0.110501 0.282986 0.180345
v 0.085157 0.281106 0.187443
v 0.059347 0.279276 0.193536
v 0.056530 0.312346 0.203838
v 0.080348 0.314479 0.198900
v 0.078826 0.328079 0.203247
v 0.056380 0.325522 0.207474
v 0.104645 0.316705 0.192329
v 0.102664 0.330459 0.197009
v 0.101300 0.341674 0.200873
v 0.078447 0.339051 0.206644
v 0.062256 0.334314 0.208772
v 0.082759 0.297373 0.193322
v 0.057978 0.295498 0.198909
v 0.107555 0.299319 0.186403
v -0.156449 0.283772 0.162067
v -0.138629 0.282521 0.169168
v -0.136633 0.298119 0.174596
v -0.155210 0.299368 0.166798
v -0.115727 0.281089 0.177663
v -0.113547 0.296682 0.183500
v -0.111317 0.313259 0.189165
v -0.134689 0.314983 0.180030
v -0.154121 0.316481 0.171688
v 0.137868 0.268490 0.163788
v 0.136343 0.274694 0.167441
v 0.156228 0.271477 0.157916
v 0.154946 0.276857 0.160782
v 0.153427 0.286576 0.164499
v 0.134352 0.284902 0.171908
v -0.092978 0.260715 0.175265
v -0.091864 0.268643 0.180120
v -0.074022 0.261402 0.181510
v -0.066580 0.267294 0.187023
v -0.065578 0.278522 0.192245
v -0.090984 0.279761 0.185313
v -0.087864 0.311801 0.196386
v -0.087008 0.325059 0.200569
v -0.064793 0.310545 0.202244
v -0.065426 0.323410 0.205707
v -0.071545 0.331859 0.206643
v -0.087177 0.335922 0.203816
v -0.089480 0.295405 0.191016
v -0.113547 0.296682 0.183500
v -0.065260 0.294255 0.197484
v 0.129041 0.319006 0.183374
v 0.127200 0.332787 0.188026
v 0.149735 0.320899 0.174811
v 0.148335 0.334599 0.179215
v 0.147214 0.345365 0.183009
v 0.125878 0.343825 0.191929
v 0.110501 0.282986 0.180345
v 0.131670 0.301323 0.177608
v 0.107555 0.299319 0.186403
v 0.153427 0.286576 0.164499
v 0.151560 0.303035 0.169534
v 0.149735 0.320899 0.174811
v 0.129041 0.319006 0.183374
v 0.104645 0.316705 0.192329
v 0.149735 0.320899 0.174811
v 0.164387 0.304154 0.164657
v 0.163543 0.321972 0.169352
v 0.153427 0.286576 0.164499
v 0.165241 0.287774 0.160310
v 0.172744 0.288680 0.158155
v 0.172973 0.304910 0.161831
v 0.173170 0.322542 0.165917
v 0.148335 0.334599 0.179215
v 0.162640 0.335393 0.173416
v 0.161480 0.345507 0.177030
v 0.172552 0.335349 0.169615
v 0.169371 0.342744 0.173098
v 0.154946 0.276857 0.160782
v 0.166066 0.278379 0.157255
v 0.166733 0.273545 0.155079
v 0.171309 0.275648 0.154667
v 0.172633 0.279571 0.155742
v -0.167191 0.275732 0.155423
v -0.167529 0.271197 0.153227
v -0.166795 0.284584 0.158370
v -0.172724 0.285124 0.156785
v -0.172354 0.276664 0.154443
v -0.171234 0.273133 0.153203
v -0.155210 0.299368 0.166798
v -0.166500 0.300108 0.162414
v -0.166414 0.317297 0.166709
v -0.174386 0.317685 0.163886
v -0.173434 0.300532 0.160184
v -0.153594 0.330085 0.175736
v -0.166518 0.330807 0.170382
v -0.166510 0.341435 0.173615
v -0.173028 0.338602 0.170202
v -0.174875 0.330747 0.167176
vn -0.1057 -0.2738 0.9560
vn -0.0798 -0.2747 0.9582
vn -0.0796 -0.2753 0.9581
vn -0.1050 -0.2737 0.9561
vn -0.0078 -0.2752 0.9614
vn -0.0081 -0.2756 0.9612
vn -0.0087 -0.2777 0.9606
vn -0.0748 -0.2783 0.9576
vn -0.1037 -0.2781 0.9550
vn -0.1000 -0.4785 0.8724
vn -0.0713 -0.4827 0.8729
vn -0.0771 -0.4421 0.8937
vn -0.1028 -0.4221 0.9007
vn -0.0047 -0.4855 0.8742
vn -0.0060 -0.4440 0.8960
vn -0.0069 -0.3575 0.9339
vn -0.0790 -0.3571 0.9307
vn -0.1048 -0.3550 0.9290
vn 0.0678 -0.2732 0.9596
vn 0.0669 -0.2748 0.9592
vn 0.0968 -0.2713 0.9576
vn 0.0959 -0.2723 0.9574
vn 0.0942 -0.2776 0.9561
vn 0.0611 -0.2776 0.9588
vn 0.0678 -0.3535 0.9330
vn 0.0678 -0.2919 0.9540
vn -0.0073 -0.2949 0.9555
vn 0.0961 -0.3509 0.9315
vn 0.0965 -0.2898 0.9522
vn 0.0631 -0.4802 0.8749
vn 0.0673 -0.4389 0.8960
vn 0.0928 -0.4750 0.8751
vn 0.0948 -0.4188 0.9031
vn -0.0796 -0.2946 0.9523
vn -0.1054 -0.2946 0.9498
vn -0.3475 -0.1378 0.9275
vn -0.2706 -0.1390 0.9526
vn -0.2725 -0.0958 0.9574
vn -0.3522 -0.0918 0.9314
vn -0.1872 -0.1360 0.9729
vn -0.1878 -0.0951 0.9776
vn -0.1889 0.0098 0.9819
vn -0.2766 0.0129 0.9609
vn -0.3613 0.0205 0.9322
vn -0.1042 -0.1323 0.9857
vn -0.1046 -0.0927 0.9902
vn -0.0122 -0.1303 0.9914
vn -0.0125 -0.0911 0.9958
vn -0.0128 0.0093 0.9999
vn -0.1050 0.0092 0.9944
vn -0.1927 0.1873 0.9632
vn -0.1068 0.1872 0.9765
vn -0.1063 0.2357 0.9660
vn -0.1914 0.2335 0.9533
vn -0.0142 0.1871 0.9822
vn -0.0152 0.2364 0.9715
vn -0.0157 0.2560 0.9666
vn -0.1042 0.2551 0.9613
vn -0.1870 0.2522 0.9494
vn -0.4182 -0.1238 0.8999
vn -0.3981 -0.1304 0.9080
vn -0.4069 -0.0813 0.9098
vn -0.4264 -0.0633 0.9023
vn -0.4198 0.0323 0.9071
vn -0.4394 0.0364 0.8975
vn -0.4548 0.1923 0.8696
vn -0.4348 0.1941 0.8794
vn -0.4331 0.2281 0.8720
vn -0.4534 0.2216 0.8633
vn -0.3741 0.1919 0.9073
vn -0.3729 0.2308 0.8987
vn -0.3654 0.2462 0.8977
vn -0.4252 0.2420 0.8721
vn -0.4504 0.2382 0.8605
vn 0.1586 0.1837 0.9701
vn 0.2434 0.1825 0.9526
vn 0.2381 0.2222 0.9455
vn 0.1531 0.2278 0.9616
vn 0.3421 0.1858 0.9211
vn 0.3399 0.2221 0.9139
vn 0.3287 0.2363 0.9144
vn 0.2275 0.2382 0.9442
vn 0.1465 0.2458 0.9582
vn 0.4165 0.1917 0.8887
vn 0.4165 0.2252 0.8808
vn 0.4406 0.1925 0.8768
vn 0.4414 0.2218 0.8695
vn 0.4400 0.2385 0.8658
vn 0.4076 0.2378 0.8817
vn 0.0805 0.0099 0.9967
vn 0.0805 0.1143 0.9902
vn -0.0134 0.1142 0.9934
vn 0.1602 0.0105 0.9870
vn 0.1602 0.1152 0.9803
vn 0.0792 0.1860 0.9794
vn 0.1612 -0.1324 0.9780
vn 0.2388 -0.1343 0.9617
vn 0.2397 -0.0923 0.9664
vn 0.1605 -0.0918 0.9828
vn 0.3216 -0.1313 0.9377
vn 0.3257 -0.0872 0.9414
vn 0.3327 0.0208 0.9428
vn 0.2413 0.0132 0.9704
vn 0.2413 0.0133 0.9704
vn 0.2438 0.1174 0.9627
vn 0.3394 0.1241 0.9324
vn 0.3420 0.1858 0.9211
vn 0.0816 -0.1306 0.9881
vn 0.0813 -0.0912 0.9925
vn 0.3820 -0.1218 0.9161
vn 0.3910 -0.0751 0.9173
vn 0.4064 -0.1141 0.9065
vn 0.4142 -0.0566 0.9084
vn 0.4260 0.0389 0.9039
vn 0.4027 0.0337 0.9147
vn 0.0763 0.2338 0.9693
vn 0.0725 0.2531 0.9647
vn -0.4308 0.1354 0.8922
vn -0.4507 0.1363 0.8822
vn -0.3700 0.1272 0.9203
vn -0.2819 0.1205 0.9519
vn -0.1914 0.1164 0.9746
vn -0.2848 0.1889 0.9398
vn -0.2835 0.2318 0.9305
vn -0.2769 0.2490 0.9281
vn -0.1061 0.1148 0.9877
vn -0.1068 0.1871 0.9765
vn 0.4121 0.1337 0.9013
vn 0.3393 0.1241 0.9324
vn 0.4361 0.1361 0.8895
vn -0.3276 -0.4150 0.8488
vn -0.3346 -0.4366 0.8351
vn -0.3425 -0.3880 0.8557
vn -0.3382 -0.3635 0.8680
vn -0.3039 -0.4606 0.8339
vn -0.3090 -0.4150 0.8558
vn -0.3210 -0.3281 0.8884
vn -0.3597 -0.3003 0.8834
vn -0.3577 -0.2771 0.8918
vn -0.3867 -0.2401 0.8904
vn -0.3819 -0.2490 0.8900
vn -0.3842 -0.2612 0.8855
vn -0.3905 -0.2586 0.8836
vn -0.3326 -0.2640 0.9054
vn -0.3321 -0.2707 0.9036
vn -0.3295 -0.2755 0.9031
vn -0.3829 -0.2689 0.8838
vn -0.3914 -0.2683 0.8803
vn 0.2414 -0.4614 0.8537
vn 0.2586 -0.4602 0.8493
vn 0.2565 -0.4166 0.8722
vn 0.2405 -0.3997 0.8845
vn 0.2980 -0.4448 0.8446
vn 0.2996 -0.3995 0.8664
vn 0.3080 -0.3149 0.8977
vn 0.2573 -0.3321 0.9075
vn 0.2377 -0.3312 0.9131
vn 0.2190 -0.2658 0.9388
vn 0.2466 -0.2670 0.9316
vn 0.2391 -0.2745 0.9314
vn 0.2110 -0.2717 0.9390
vn 0.3137 -0.2596 0.9133
vn 0.3113 -0.2697 0.9113
vn 0.3066 -0.2761 0.9109
vn 0.2393 -0.2807 0.9295
vn 0.2071 -0.2802 0.9373
vn 0.2539 -0.2785 0.9263
vn 0.2300 -0.2785 0.9325
vn 0.3133 -0.2665 0.9115
vn -0.3577 -0.2770 0.8918
vn -0.3741 -0.2533 0.8921
vn -0.3759 -0.2378 0.8956
vn -0.3210 -0.3280 0.8884
vn -0.3297 -0.2748 0.9032
vn -0.3327 -0.2640 0.9054
vn -0.3819 -0.2489 0.8900
vn 0.3335 -0.4120 0.8480
vn 0.3395 -0.3670 0.8660
vn 0.3297 -0.3815 0.8636
vn 0.3404 -0.3372 0.8777
vn 0.3573 -0.2624 0.8964
vn 0.3538 -0.2857 0.8906
vn -0.2711 -0.4718 0.8390
vn -0.2724 -0.4293 0.8611
vn -0.2575 -0.4728 0.8427
vn -0.2602 -0.4144 0.8721
vn -0.2617 -0.3444 0.9016
vn -0.2780 -0.3443 0.8968
vn -0.2747 -0.2714 0.9225
vn -0.2696 -0.2757 0.9227
vn -0.2512 -0.2708 0.9293
vn -0.2450 -0.2737 0.9301
vn -0.2419 -0.2798 0.9291
vn -0.2702 -0.2801 0.9212
vn -0.2788 -0.2868 0.9165
vn -0.2587 -0.2872 0.9223
vn 0.3708 -0.2444 0.8959
vn 0.3714 -0.2603 0.8912
vn 0.3800 -0.2370 0.8941
vn 0.3820 -0.2589 0.8871
vn 0.3826 -0.2702 0.8835
vn 0.3686 -0.2692 0.8897
vn 0.3538 -0.2856 0.8906
vn 0.3652 -0.2450 0.8981
vn 0.3718 -0.2310 0.8991
vn 0.3708 -0.2444 0.8960
vn 0.3412 -0.2243 0.9128
vn 0.3542 -0.2355 0.9051
vn 0.3205 -0.2483 0.9141
vn 0.2952 -0.2412 0.9245
vn 0.3205 -0.2214 0.9210
vn 0.3367 -0.2343 0.9120
vn 0.3587 -0.2624 0.8958
vn 0.3638 -0.2751 0.8899
vn 0.3436 -0.2596 0.9025
vn 0.3456 -0.2777 0.8964
vn 0.2993 -0.3175 0.8998
vn 0.2909 -0.3624 0.8855
vn 0.2597 -0.3531 0.8988
vn 0.2720 -0.2994 0.9145
vn -0.2826 -0.3496 0.8933
vn -0.2773 -0.4045 0.8715
vn -0.3082 -0.2621 0.9145
vn -0.2730 -0.2539 0.9279
vn -0.2432 -0.3309 0.9118
vn -0.2299 -0.4002 0.8871
vn -0.3759 -0.2379 0.8956
vn -0.3362 -0.2290 0.9135
vn -0.3544 -0.2361 0.9048
vn -0.3320 -0.2339 0.9138
vn -0.3086 -0.2248 0.9242
vn -0.3625 -0.2583 0.8954
vn -0.3913 -0.2683 0.8803
vn -0.3685 -0.2696 0.8897
vn -0.3474 -0.2694 0.8982
vn -0.3432 -0.2558 0.9038
vt 0.587698 0.125284
vt 0.623679 0.130226
vt 0.623503 0.115066
vt 0.587456 0.114505
vt 0.659727 0.130675
vt 0.659556 0.115179
vt 0.659324 0.103725
vt 0.623269 0.103725
vt 0.587215 0.103725
vt 0.588193 0.199960
vt 0.624247 0.199960
vt 0.624009 0.189000
vt 0.587945 0.189575
vt 0.660302 0.199960
vt 0.660065 0.188885
vt 0.659890 0.173668
vt 0.623828 0.174128
vt 0.587698 0.179190
vt 0.695788 0.130226
vt 0.695612 0.115066
vt 0.731917 0.125284
vt 0.731675 0.114505
vt 0.731434 0.103725
vt 0.695379 0.103725
vt 0.695938 0.174128
vt 0.695862 0.152224
vt 0.659808 0.152221
vt 0.731917 0.179190
vt 0.731917 0.152237
vt 0.696357 0.199960
vt 0.696118 0.189000
vt 0.732412 0.199960
vt 0.732164 0.189575
vt 0.623753 0.152224
vt 0.587698 0.152237
vt 0.554252 0.348470
vt 0.580359 0.348470
vt 0.580359 0.325567
vt 0.554252 0.325567
vt 0.606466 0.348470
vt 0.606466 0.325567
vt 0.606466 0.302663
vt 0.580359 0.302663
vt 0.554252 0.302663
vt 0.632573 0.348470
vt 0.632573 0.325567
vt 0.658680 0.348470
vt 0.658680 0.325567
vt 0.658680 0.302663
vt 0.632573 0.302663
vt 0.606466 0.256856
vt 0.632573 0.256857
vt 0.632573 0.233953
vt 0.606466 0.233953
vt 0.658680 0.256856
vt 0.658680 0.233953
vt 0.658680 0.211050
vt 0.632573 0.211050
vt 0.606466 0.211050
vt 0.502037 0.348470
vt 0.528144 0.348470
vt 0.528144 0.325567
vt 0.502037 0.325567
vt 0.528144 0.302663
vt 0.502037 0.302663
vt 0.502037 0.256857
vt 0.528144 0.256857
vt 0.528144 0.233953
vt 0.502037 0.233953
vt 0.554252 0.256856
vt 0.554252 0.233953
vt 0.554252 0.211050
vt 0.528144 0.211050
vt 0.502037 0.211050
vt 0.710895 0.256856
vt 0.737002 0.256857
vt 0.737002 0.233953
vt 0.710895 0.233953
vt 0.763109 0.256856
vt 0.763109 0.233953
vt 0.763109 0.211050
vt 0.737002 0.211050
vt 0.710895 0.211050
vt 0.789217 0.256857
vt 0.789217 0.233953
vt 0.815324 0.256857
vt 0.815324 0.233953
vt 0.815324 0.211050
vt 0.789217 0.211050
vt 0.684788 0.302663
vt 0.684788 0.279760
vt 0.658681 0.279760
vt 0.710895 0.302663
vt 0.710895 0.279760
vt 0.710895 0.256857
vt 0.684788 0.256856
vt 0.658680 0.256857
vt 0.710895 0.348470
vt 0.737002 0.348470
vt 0.737002 0.325567
vt 0.710895 0.325567
vt 0.763109 0.348470
vt 0.763109 0.325567
vt 0.763109 0.302663
vt 0.737002 0.302663
vt 0.710895 0.302663
vt 0.737002 0.302663
vt 0.737002 0.279760
vt 0.763109 0.302663
vt 0.763109 0.279760
vt 0.763109 0.256857
vt 0.737002 0.256856
vt 0.684788 0.348470
vt 0.684788 0.325567
vt 0.789217 0.348470
vt 0.789217 0.325567
vt 0.815324 0.348470
vt 0.815324 0.325567
vt 0.815324 0.302663
vt 0.789217 0.302663
vt 0.684788 0.256857
vt 0.684788 0.233953
vt 0.684788 0.211050
vt 0.528144 0.279760
vt 0.502037 0.279760
vt 0.554252 0.279760
vt 0.554252 0.302663
vt 0.580359 0.279760
vt 0.554252 0.279760
vt 0.606466 0.302663
vt 0.606466 0.279760
vt 0.606466 0.256857
vt 0.580359 0.256856
vt 0.554252 0.256857
vt 0.580359 0.256857
vt 0.580359 0.233953
vt 0.580359 0.211050
vt 0.632573 0.302663
vt 0.632573 0.279760
vt 0.632573 0.256856
vt 0.789217 0.279760
vt 0.763109 0.279760
vt 0.815324 0.279760
vt 0.077845 0.169872
vt 0.107008 0.169872
vt 0.107513 0.159365
vt 0.083786 0.159407
vt 0.136171 0.169872
vt 0.135979 0.159359
vt 0.135837 0.144915
vt 0.107510 0.144921
vt 0.084202 0.144967
vt 0.084070 0.104158
vt 0.107379 0.104112
vt 0.107101 0.089401
vt 0.083374 0.089444
vt 0.135705 0.104106
vt 0.135567 0.089396
vt 0.135380 0.078524
vt 0.106217 0.078524
vt 0.077053 0.078524
vt 0.311149 0.169872
vt 0.340313 0.169872
vt 0.340119 0.159468
vt 0.310949 0.160014
vt 0.369476 0.169872
vt 0.369284 0.159359
vt 0.369142 0.144915
vt 0.339973 0.145351
vt 0.310749 0.150157
vt 0.310749 0.098988
vt 0.339853 0.103679
vt 0.339710 0.089289
vt 0.310554 0.088756
vt 0.369010 0.104106
vt 0.368872 0.089396
vt 0.368685 0.078524
vt 0.339522 0.078524
vt 0.310358 0.078524
vt 0.339912 0.124559
vt 0.310749 0.124572
vt 0.369076 0.124557
vt 0.084202 0.144967
vt 0.107510 0.144921
vt 0.107444 0.124563
vt 0.084136 0.124609
vt 0.135837 0.144914
vt 0.135771 0.124557
vt 0.135705 0.104105
vt 0.107379 0.104112
vt 0.084070 0.104158
vt 0.398639 0.169872
vt 0.397778 0.159355
vt 0.427802 0.169872
vt 0.421722 0.159320
vt 0.421045 0.144872
vt 0.397502 0.144909
vt 0.165334 0.169872
vt 0.165141 0.159468
vt 0.194497 0.169872
vt 0.194297 0.160014
vt 0.194097 0.150157
vt 0.164995 0.145351
vt 0.164874 0.103679
vt 0.164731 0.089289
vt 0.194097 0.098988
vt 0.193901 0.088756
vt 0.193706 0.078524
vt 0.164543 0.078524
vt 0.164934 0.124559
vt 0.135771 0.124557
vt 0.194097 0.124572
vt 0.397370 0.104100
vt 0.397366 0.089391
vt 0.420913 0.104063
vt 0.421310 0.089357
vt 0.427011 0.078524
vt 0.397848 0.078524
vt 0.369142 0.144914
vt 0.397436 0.124551
vt 0.369076 0.124557
vt 0.421045 0.144872
vt 0.420978 0.124514
vt 0.420913 0.104063
vt 0.397370 0.104100
vt 0.369010 0.104105
vt 0.420913 0.104063
vt 0.436491 0.124427
vt 0.436431 0.103547
vt 0.421045 0.144872
vt 0.436552 0.145219
vt 0.447185 0.149903
vt 0.447185 0.124318
vt 0.447185 0.098734
vt 0.421310 0.089357
vt 0.436422 0.089158
vt 0.436903 0.078397
vt 0.446990 0.088502
vt 0.446795 0.078270
vt 0.421722 0.159320
vt 0.436832 0.159337
vt 0.437694 0.169745
vt 0.447586 0.169618
vt 0.447386 0.159760
vt 0.069259 0.159631
vt 0.068755 0.170029
vt 0.069252 0.145515
vt 0.059265 0.150471
vt 0.059465 0.160329
vt 0.059665 0.170187
vt 0.084136 0.124609
vt 0.069191 0.124723
vt 0.069131 0.103843
vt 0.059265 0.099303
vt 0.059265 0.124887
vt 0.083374 0.089444
vt 0.068849 0.089452
vt 0.067964 0.078681
vt 0.058874 0.078838
vt 0.059070 0.089070
s 1
usemtl Eyes.001
f 2040/1062/1768 2041/1063/1769 2042/1064/1770
f 2040/1062/1768 2042/1064/1770 2043/1065/1771
f 2041/1063/1769 2044/1066/1772 2045/1067/1773
f 2041/1063/1769 2045/1067/1773 2042/1064/1770
f 2042/1064/1770 2045/1067/1773 2046/1068/1774
f 2042/1064/1770 2046/1068/1774 2047/1069/1775
f 2043/1065/1771 2042/1064/1770 2047/1069/1775
f 2043/1065/1771 2047/1069/1775 2048/1070/1776
f 2049/1071/1777 2050/1072/1778 2051/1073/1779
f 2049/1071/1777 2051/1073/1779 2052/1074/1780
f 2050/1072/1778 2053/1075/1781 2054/1076/1782
f 2050/1072/1778 2054/1076/1782 2051/1073/1779
f 2051/1073/1779 2054/1076/1782 2055/1077/1783
f 2051/1073/1779 2055/1077/1783 2056/1078/1784
f 2052/1074/1780 2051/1073/1779 2056/1078/1784
f 2052/1074/1780 2056/1078/1784 2057/1079/1785
f 2044/1066/1772 2058/1080/1786 2059/1081/1787
f 2044/1066/1772 2059/1081/1787 2045/1067/1773
f 2058/1080/1786 2060/1082/1788 2061/1083/1789
f 2058/1080/1786 2061/1083/1789 2059/1081/1787
f 2059/1081/1787 2061/1083/1789 2062/1084/1790
f 2059/1081/1787 2062/1084/1790 2063/1085/1791
f 2045/1067/1773 2059/1081/1787 2063/1085/1791
f 2045/1067/1773 2063/1085/1791 2046/1068/1774
f 2055/1077/1783 2064/1086/1792 2065/1087/1793
f 2055/1077/1783 2065/1087/1793 2066/1088/1794
f 2064/1086/1792 2067/1089/1795 2068/1090/1796
f 2064/1086/1792 2068/1090/1796 2065/1087/1793
f 2065/1087/1793 2068/1090/1796 2060/1082/1788
f 2065/1087/1793 2060/1082/1788 2058/1080/1786
f 2066/1088/1794 2065/1087/1793 2058/1080/1786
f 2066/1088/1794 2058/1080/1786 2044/1066/1772
f 2053/1075/1781 2069/1091/1797 2070/1092/1798
f 2053/1075/1781 2070/1092/1798 2054/1076/1782
f 2069/1091/1797 2071/1093/1799 2072/1094/1800
f 2069/1091/1797 2072/1094/1800 2070/1092/1798
f 2070/1092/1798 2072/1094/1800 2067/1089/1795
f 2070/1092/1798 2067/1089/1795 2064/1086/1792
f 2054/1076/1782 2070/1092/1798 2064/1086/1792
f 2054/1076/1782 2064/1086/1792 2055/1077/1783
f 2057/1079/1785 2056/1078/1784 2073/1095/1801
f 2057/1079/1785 2073/1095/1801 2074/1096/1802
f 2056/1078/1784 2055/1077/1783 2066/1088/1794
f 2056/1078/1784 2066/1088/1794 2073/1095/1801
f 2073/1095/1801 2066/1088/1794 2044/1066/1772
f 2073/1095/1801 2044/1066/1772 2041/1063/1769
f 2074/1096/1802 2073/1095/1801 2041/1063/1769
f 2074/1096/1802 2041/1063/1769 2040/1062/1768
f 2075/1097/1803 2076/1098/1804 2077/1099/1805
f 2075/1097/1803 2077/1099/1805 2078/1100/1806
f 2076/1098/1804 2079/1101/1807 2080/1102/1808
f 2076/1098/1804 2080/1102/1808 2077/1099/1805
f 2077/1099/1805 2080/1102/1808 2081/1103/1809
f 2077/1099/1805 2081/1103/1809 2082/1104/1810
f 2078/1100/1806 2077/1099/1805 2082/1104/1810
f 2078/1100/1806 2082/1104/1810 2083/1105/1811
f 2079/1101/1807 2084/1106/1812 2085/1107/1813
f 2079/1101/1807 2085/1107/1813 2080/1102/1808
f 2084/1106/1812 2086/1108/1814 2087/1109/1815
f 2084/1106/1812 2087/1109/1815 2085/1107/1813
f 2085/1107/1813 2087/1109/1815 2088/1110/1816
f 2085/1107/1813 2088/1110/1816 2089/1111/1817
f 2080/1102/1808 2085/1107/1813 2089/1111/1817
f 2080/1102/1808 2089/1111/1817 2081/1103/1809
f 2090/1112/1818 2091/1113/1819 2092/1114/1820
f 2090/1112/1818 2092/1114/1820 2093/1115/1821
f 2091/1113/1819 2094/1116/1822 2095/1117/1823
f 2091/1113/1819 2095/1117/1823 2092/1114/1820
f 2092/1114/1820 2095/1117/1823 2096/1118/1824
f 2092/1114/1820 2096/1118/1824 2097/1119/1825
f 2093/1115/1821 2092/1114/1820 2097/1119/1825
f 2093/1115/1821 2097/1119/1825 2098/1120/1826
f 2099/1121/1827 2100/1122/1828 2101/1123/1829
f 2099/1121/1827 2101/1123/1829 2102/1124/1830
f 2100/1122/1828 2075/1097/1803 2078/1100/1806
f 2100/1122/1828 2078/1100/1806 2101/1123/1829
f 2101/1123/1829 2078/1100/1806 2083/1105/1811
f 2101/1123/1829 2083/1105/1811 2103/1125/1831
f 2102/1124/1830 2101/1123/1829 2103/1125/1831
f 2102/1124/1830 2103/1125/1831 2104/1126/1832
f 2105/1127/1833 2106/1128/1834 2107/1129/1835
f 2105/1127/1833 2107/1129/1835 2108/1130/1836
f 2106/1128/1834 2109/1131/1837 2110/1132/1838
f 2106/1128/1834 2110/1132/1838 2107/1129/1835
f 2107/1129/1835 2110/1132/1838 2111/1133/1839
f 2107/1129/1835 2111/1133/1839 2112/1134/1840
f 2108/1130/1836 2107/1129/1835 2112/1134/1840
f 2108/1130/1836 2112/1134/1840 2113/1135/1841
f 2114/1136/1842 2115/1137/1843 2116/1138/1844
f 2114/1136/1842 2116/1138/1844 2117/1139/1845
f 2115/1137/1843 2118/1140/1846 2119/1141/1847
f 2115/1137/1843 2119/1141/1847 2116/1138/1844
f 2116/1138/1844 2119/1141/1847 2120/1142/1848
f 2116/1138/1844 2120/1142/1848 2121/1143/1849
f 2117/1139/1845 2116/1138/1844 2121/1143/1849
f 2117/1139/1845 2121/1143/1849 2122/1144/1850
f 2118/1140/1846 2123/1145/1851 2124/1146/1852
f 2118/1140/1846 2124/1146/1852 2119/1141/1847
f 2123/1145/1851 2125/1147/1853 2126/1148/1854
f 2123/1145/1851 2126/1148/1854 2124/1146/1852
f 2124/1146/1852 2126/1148/1854 2127/1149/1855
f 2124/1146/1852 2127/1149/1855 2128/1150/1856
f 2119/1141/1847 2124/1146/1852 2128/1150/1856
f 2119/1141/1847 2128/1150/1856 2120/1142/1848
f 2088/1110/1816 2129/1151/1857 2130/1152/1858
f 2088/1110/1816 2130/1152/1858 2131/1153/1859
f 2129/1151/1857 2132/1154/1860 2133/1155/1861
f 2129/1151/1857 2133/1155/1861 2130/1152/1858
f 2130/1152/1858 2133/1155/1861 2134/1156/1842
f 2130/1152/1858 2134/1156/1842 2135/1157/1862
f 2131/1153/1859 2130/1152/1858 2135/1157/1862
f 2131/1153/1859 2135/1157/1862 2136/1158/1822
f 2137/1159/1863 2138/1160/1864 2139/1161/1865
f 2137/1159/1863 2139/1161/1865 2140/1162/1866
f 2138/1160/1864 2141/1163/1867 2142/1164/1868
f 2138/1160/1864 2142/1164/1868 2139/1161/1865
f 2139/1161/1865 2142/1164/1868 2143/1165/1869
f 2139/1161/1865 2143/1165/1869 2144/1166/1870
f 2140/1162/1866 2139/1161/1865 2144/1166/1870
f 2140/1162/1866 2144/1166/1870 2145/1167/1860
f 2132/1154/1860 2146/1168/1871 2147/1169/1872
f 2132/1154/1860 2147/1169/1872 2133/1155/1861
f 2146/1168/1871 2148/1170/1869 2149/1171/1873
f 2146/1168/1871 2149/1171/1873 2147/1169/1872
f 2147/1169/1872 2149/1171/1873 2150/1172/1874
f 2147/1169/1872 2150/1172/1874 2151/1173/1843
f 2133/1155/1861 2147/1169/1872 2151/1173/1843
f 2133/1155/1861 2151/1173/1843 2134/1156/1842
f 2086/1108/1814 2152/1174/1875 2153/1175/1876
f 2086/1108/1814 2153/1175/1876 2087/1109/1815
f 2152/1174/1875 2137/1159/1863 2140/1162/1866
f 2152/1174/1875 2140/1162/1866 2153/1175/1876
f 2153/1175/1876 2140/1162/1866 2145/1167/1860
f 2153/1175/1876 2145/1167/1860 2129/1151/1857
f 2087/1109/1815 2153/1175/1876 2129/1151/1857
f 2087/1109/1815 2129/1151/1857 2088/1110/1816
f 2141/1163/1867 2154/1176/1877 2155/1177/1878
f 2141/1163/1867 2155/1177/1878 2142/1164/1868
f 2154/1176/1877 2156/1178/1879 2157/1179/1880
f 2154/1176/1877 2157/1179/1880 2155/1177/1878
f 2155/1177/1878 2157/1179/1880 2158/1180/1881
f 2155/1177/1878 2158/1180/1881 2159/1181/1882
f 2142/1164/1868 2155/1177/1878 2159/1181/1882
f 2142/1164/1868 2159/1181/1882 2143/1165/1869
f 2094/1116/1822 2160/1182/1862 2161/1183/1883
f 2094/1116/1822 2161/1183/1883 2095/1117/1823
f 2160/1182/1862 2114/1136/1842 2117/1139/1845
f 2160/1182/1862 2117/1139/1845 2161/1183/1883
f 2161/1183/1883 2117/1139/1845 2122/1144/1850
f 2161/1183/1883 2122/1144/1850 2162/1184/1884
f 2095/1117/1823 2161/1183/1883 2162/1184/1884
f 2095/1117/1823 2162/1184/1884 2096/1118/1824
f 2104/1126/1832 2103/1125/1831 2163/1185/1885
f 2104/1126/1832 2163/1185/1885 2164/1186/1886
f 2103/1125/1831 2083/1105/1811 2165/1187/1887
f 2103/1125/1831 2165/1187/1887 2163/1185/1885
f 2163/1185/1885 2165/1187/1887 2109/1131/1837
f 2163/1185/1885 2109/1131/1837 2106/1128/1834
f 2164/1186/1886 2163/1185/1885 2106/1128/1834
f 2164/1186/1886 2106/1128/1834 2105/1127/1833
f 2166/1188/1811 2082/1104/1810 2167/1189/1888
f 2166/1188/1811 2167/1189/1888 2168/1190/1887
f 2082/1104/1810 2169/1191/1809 2170/1192/1889
f 2082/1104/1810 2170/1192/1889 2167/1189/1888
f 2167/1189/1888 2170/1192/1889 2171/1193/1818
f 2167/1189/1888 2171/1193/1818 2172/1194/1890
f 2168/1190/1887 2167/1189/1888 2172/1194/1890
f 2168/1190/1887 2172/1194/1890 2173/1195/1837
f 2109/1131/1837 2174/1196/1890 2175/1197/1891
f 2109/1131/1837 2175/1197/1891 2110/1132/1838
f 2174/1196/1890 2090/1112/1818 2093/1115/1821
f 2174/1196/1890 2093/1115/1821 2175/1197/1891
f 2175/1197/1891 2093/1115/1821 2098/1120/1826
f 2175/1197/1891 2098/1120/1826 2176/1198/1892
f 2110/1132/1838 2175/1197/1891 2176/1198/1892
f 2110/1132/1838 2176/1198/1892 2111/1133/1839
f 2169/1191/1809 2177/1199/1817 2178/1200/1893
f 2169/1191/1809 2178/1200/1893 2170/1192/1889
f 2177/1199/1817 2088/1110/1816 2131/1153/1859
f 2177/1199/1817 2131/1153/1859 2178/1200/1893
f 2178/1200/1893 2131/1153/1859 2136/1158/1822
f 2178/1200/1893 2136/1158/1822 2179/1201/1894
f 2170/1192/1889 2178/1200/1893 2179/1201/1894
f 2170/1192/1889 2179/1201/1894 2171/1193/1818
f 2143/1165/1869 2159/1181/1882 2180/1202/1895
f 2143/1165/1869 2180/1202/1895 2181/1203/1896
f 2159/1181/1882 2158/1180/1881 2182/1204/1897
f 2159/1181/1882 2182/1204/1897 2180/1202/1895
f 2180/1202/1895 2182/1204/1897 2125/1147/1853
f 2180/1202/1895 2125/1147/1853 2123/1145/1851
f 2181/1203/1896 2180/1202/1895 2123/1145/1851
f 2181/1203/1896 2123/1145/1851 2118/1140/1846
f 2183/1205/1898 2184/1206/1899 2185/1207/1900
f 2183/1205/1898 2185/1207/1900 2186/1208/1901
f 2184/1206/1899 2187/1209/1902 2188/1210/1903
f 2184/1206/1899 2188/1210/1903 2185/1207/1900
f 2185/1207/1900 2188/1210/1903 2189/1211/1904
f 2185/1207/1900 2189/1211/1904 2190/1212/1905
f 2186/1208/1901 2185/1207/1900 2190/1212/1905
f 2186/1208/1901 2190/1212/1905 2191/1213/1906
f 2192/1214/1907 2193/1215/1908 2194/1216/1909
f 2192/1214/1907 2194/1216/1909 2195/1217/1910
f 2193/1215/1908 2196/1218/1911 2197/1219/1912
f 2193/1215/1908 2197/1219/1912 2194/1216/1909
f 2194/1216/1909 2197/1219/1912 2198/1220/1913
f 2194/1216/1909 2198/1220/1913 2199/1221/1914
f 2195/1217/1910 2194/1216/1909 2199/1221/1914
f 2195/1217/1910 2199/1221/1914 2200/1222/1915
f 2201/1223/1916 2202/1224/1917 2203/1225/1918
f 2201/1223/1916 2203/1225/1918 2204/1226/1919
f 2202/1224/1917 2205/1227/1920 2206/1228/1921
f 2202/1224/1917 2206/1228/1921 2203/1225/1918
f 2203/1225/1918 2206/1228/1921 2207/1229/1922
f 2203/1225/1918 2207/1229/1922 2208/1230/1923
f 2204/1226/1919 2203/1225/1918 2208/1230/1923
f 2204/1226/1919 2208/1230/1923 2209/1231/1924
f 2210/1232/1925 2211/1233/1926 2212/1234/1927
f 2210/1232/1925 2212/1234/1927 2213/1235/1928
f 2211/1233/1926 2214/1236/1929 2215/1237/1930
f 2211/1233/1926 2215/1237/1930 2212/1234/1927
f 2212/1234/1927 2215/1237/1930 2216/1238/1931
f 2212/1234/1927 2216/1238/1931 2217/1239/1932
f 2213/1235/1928 2212/1234/1927 2217/1239/1932
f 2213/1235/1928 2217/1239/1932 2218/1240/1933
f 2209/1231/1924 2208/1230/1923 2219/1241/1934
f 2209/1231/1924 2219/1241/1934 2220/1242/1935
f 2208/1230/1923 2207/1229/1922 2221/1243/1936
f 2208/1230/1923 2221/1243/1936 2219/1241/1934
f 2219/1241/1934 2221/1243/1936 2214/1236/1929
f 2219/1241/1934 2214/1236/1929 2211/1233/1926
f 2220/1242/1935 2219/1241/1934 2211/1233/1926
f 2220/1242/1935 2211/1233/1926 2210/1232/1925
f 2222/1244/1937 2223/1245/1905 2224/1246/1938
f 2222/1244/1937 2224/1246/1938 2225/1247/1939
f 2223/1245/1905 2226/1248/1940 2227/1249/1941
f 2223/1245/1905 2227/1249/1941 2224/1246/1938
f 2224/1246/1938 2227/1249/1941 2228/1250/1942
f 2224/1246/1938 2228/1250/1942 2229/1251/1943
f 2225/1247/1939 2224/1246/1938 2229/1251/1943
f 2225/1247/1939 2229/1251/1943 2230/1252/1907
f 2205/1227/1920 2231/1253/1944 2232/1254/1945
f 2205/1227/1920 2232/1254/1945 2206/1228/1921
f 2231/1253/1944 2233/1255/1946 2234/1256/1947
f 2231/1253/1944 2234/1256/1947 2232/1254/1945
f 2232/1254/1945 2234/1256/1947 2235/1257/1948
f 2232/1254/1945 2235/1257/1948 2236/1258/1949
f 2206/1228/1921 2232/1254/1945 2236/1258/1949
f 2206/1228/1921 2236/1258/1949 2207/1229/1922
f 2187/1209/1902 2237/1259/1950 2238/1260/1951
f 2187/1209/1902 2238/1260/1951 2188/1210/1903
f 2237/1259/1950 2239/1261/1952 2240/1262/1953
f 2237/1259/1950 2240/1262/1953 2238/1260/1951
f 2238/1260/1951 2240/1262/1953 2241/1263/1954
f 2238/1260/1951 2241/1263/1954 2242/1264/1955
f 2188/1210/1903 2238/1260/1951 2242/1264/1955
f 2188/1210/1903 2242/1264/1955 2189/1211/1904
f 2196/1218/1911 2243/1265/1956 2244/1266/1957
f 2196/1218/1911 2244/1266/1957 2197/1219/1912
f 2243/1265/1956 2245/1267/1958 2246/1268/1959
f 2243/1265/1956 2246/1268/1959 2244/1266/1957
f 2244/1266/1957 2246/1268/1959 2247/1269/1960
f 2244/1266/1957 2247/1269/1960 2248/1270/1961
f 2197/1219/1912 2244/1266/1957 2248/1270/1961
f 2197/1219/1912 2248/1270/1961 2198/1220/1913
f 2189/1211/1904 2242/1264/1955 2249/1271/1962
f 2189/1211/1904 2249/1271/1962 2250/1272/1941
f 2242/1264/1955 2241/1263/1954 2251/1273/1963
f 2242/1264/1955 2251/1273/1963 2249/1271/1962
f 2249/1271/1962 2251/1273/1963 2245/1267/1958
f 2249/1271/1962 2245/1267/1958 2243/1265/1956
f 2250/1272/1941 2249/1271/1962 2243/1265/1956
f 2250/1272/1941 2243/1265/1956 2196/1218/1911
f 2214/1236/1929 2252/1274/1964 2253/1275/1965
f 2214/1236/1929 2253/1275/1965 2215/1237/1930
f 2252/1274/1964 2254/1276/1966 2255/1277/1967
f 2252/1274/1964 2255/1277/1967 2253/1275/1965
f 2253/1275/1965 2255/1277/1967 2256/1278/1968
f 2253/1275/1965 2256/1278/1968 2257/1279/1969
f 2215/1237/1930 2253/1275/1965 2257/1279/1969
f 2215/1237/1930 2257/1279/1969 2216/1238/1931
f 2258/1280/1922 2236/1258/1970 2259/1281/1971
f 2258/1280/1922 2259/1281/1971 2260/1282/1936
f 2236/1258/1970 2261/1283/1948 2262/1284/1972
f 2236/1258/1970 2262/1284/1972 2259/1281/1971
f 2259/1281/1971 2262/1284/1972 2263/1285/1966
f 2259/1281/1971 2263/1285/1966 2264/1286/1973
f 2260/1282/1936 2259/1281/1971 2264/1286/1973
f 2260/1282/1936 2264/1286/1973 2265/1287/1929
f 2266/1288/1966 2262/1284/1972 2267/1289/1974
f 2266/1288/1966 2267/1289/1974 2268/1290/1975
f 2262/1284/1972 2269/1291/1948 2270/1292/1976
f 2262/1284/1972 2270/1292/1976 2267/1289/1974
f 2267/1289/1974 2270/1292/1976 2271/1293/1977
f 2267/1289/1974 2271/1293/1977 2272/1294/1978
f 2268/1290/1975 2267/1289/1974 2272/1294/1978
f 2268/1290/1975 2272/1294/1978 2273/1295/1979
f 2256/1278/1968 2274/1296/1967 2275/1297/1980
f 2256/1278/1968 2275/1297/1980 2276/1298/1981
f 2274/1296/1967 2266/1288/1966 2268/1290/1975
f 2274/1296/1967 2268/1290/1975 2275/1297/1980
f 2275/1297/1980 2268/1290/1975 2273/1295/1979
f 2275/1297/1980 2273/1295/1979 2277/1299/1982
f 2276/1298/1981 2275/1297/1980 2277/1299/1982
f 2276/1298/1981 2277/1299/1982 2278/1300/1983
f 2269/1291/1948 2279/1301/1947 2280/1302/1984
f 2269/1291/1948 2280/1302/1984 2270/1292/1976
f 2279/1301/1947 2233/1255/1946 2281/1303/1985
f 2279/1301/1947 2281/1303/1985 2280/1302/1984
f 2280/1302/1984 2281/1303/1985 2282/1304/1986
f 2280/1302/1984 2282/1304/1986 2283/1305/1987
f 2270/1292/1976 2280/1302/1984 2283/1305/1987
f 2270/1292/1976 2283/1305/1987 2271/1293/1977
f 2183/1205/1898 2186/1208/1901 2284/1306/1988
f 2183/1205/1898 2284/1306/1988 2285/1307/1989
f 2186/1208/1901 2191/1213/1906 2286/1308/1990
f 2186/1208/1901 2286/1308/1990 2284/1306/1988
f 2284/1306/1988 2286/1308/1990 2287/1309/1991
f 2284/1306/1988 2287/1309/1991 2288/1310/1992
f 2285/1307/1989 2284/1306/1988 2288/1310/1992
f 2285/1307/1989 2288/1310/1992 2289/1311/1993
f 2191/1213/1906 2290/1312/1994 2291/1313/1995
f 2191/1213/1906 2291/1313/1995 2286/1308/1990
f 2290/1312/1994 2192/1214/1907 2292/1314/1996
f 2290/1312/1994 2292/1314/1996 2291/1313/1995
f 2291/1313/1995 2292/1314/1996 2293/1315/1997
f 2291/1313/1995 2293/1315/1997 2294/1316/1998
f 2286/1308/1990 2291/1313/1995 2294/1316/1998
f 2286/1308/1990 2294/1316/1998 2287/1309/1991
f 2192/1214/1907 2295/1317/1910 2296/1318/1999
f 2192/1214/1907 2296/1318/1999 2292/1314/1996
f 2295/1317/1910 2200/1222/2000 2297/1319/2001
f 2295/1317/1910 2297/1319/2001 2296/1318/1999
f 2296/1318/1999 2297/1319/2001 2298/1320/2002
f 2296/1318/1999 2298/1320/2002 2299/1321/2003
f 2292/1314/1996 2296/1318/1999 2299/1321/2003
f 2292/1314/1996 2299/1321/2003 2293/1315/1997
